,season_id,player_id,player_season,player,season,season_start,team,games,gamesstarted,mp,fg_perc,3p_perc,2p_perc,ft_perc,trb,ast,stl,blk,tov,pf,pts
34,34,5,2,Alex Abrines,2018-19,2018,OKC,31,2,19.0,0.357,0.323,0.5,0.923,1.5,0.6,0.5,0.2,0.5,1.7,5.3
49,49,8,7,Quincy Acy,2018-19,2018,PHO,10,0,12.3,0.222,0.133,0.667,0.7,2.5,0.8,0.1,0.4,0.4,2.4,1.7
70,52,10,1,Jaylen Adams,2018-19,2018,ATL,34,1,12.6,0.345,0.338,0.361,0.778,1.8,1.9,0.4,0.1,0.8,1.3,3.2
71,71,13,6,Steven Adams,2018-19,2018,OKC,80,80,33.4,0.595,0.0,0.596,0.5,9.5,1.6,1.5,1.0,1.7,2.6,13.9
79,79,15,2,Bam Adebayo,2018-19,2018,MIA,82,28,23.3,0.576,0.2,0.588,0.735,7.3,2.2,0.9,0.8,1.5,2.5,8.9
80,80,16,1,Deng Adel,2018-19,2018,CLE,19,3,10.2,0.306,0.261,0.385,1.0,1.0,0.3,0.1,0.2,0.3,0.7,1.7
139,139,25,1,DeVaughn Akoon-Purcell,2018-19,2018,DEN,7,0,3.1,0.3,0.0,0.5,0.5,0.6,0.9,0.3,0.0,0.3,0.6,1.0
168,168,30,13,LaMarcus Aldridge,2018-19,2018,SAS,81,81,33.2,0.519,0.238,0.528,0.847,9.2,2.4,0.5,1.3,1.8,2.2,21.3
193,193,39,1,Rawle Alkins,2018-19,2018,CHI,10,1,12.0,0.333,0.25,0.37,0.667,2.6,1.3,0.1,0.0,0.8,0.7,3.7
248,194,40,1,Grayson Allen,2018-19,2018,UTA,38,2,10.9,0.376,0.323,0.443,0.75,0.6,0.7,0.2,0.2,0.9,1.2,5.6
249,196,41,2,Jarrett Allen,2018-19,2018,BRK,80,80,26.2,0.59,0.133,0.629,0.709,8.4,1.4,0.5,1.5,1.3,2.3,10.9
250,200,43,2,Kadeem Allen,2018-19,2018,NYK,19,1,21.9,0.461,0.472,0.457,0.778,2.7,4.0,0.8,0.2,1.4,2.4,9.9
286,286,57,9,Al-Farouq Aminu,2018-19,2018,POR,81,81,28.3,0.433,0.343,0.514,0.867,7.5,1.3,0.8,0.4,0.9,1.8,9.4
435,358,69,4,Justin Anderson,2018-19,2018,ATL,48,4,9.6,0.408,0.312,0.5,0.743,1.8,0.5,0.5,0.3,0.5,1.0,3.7
436,377,71,5,Kyle Anderson,2018-19,2018,MEM,43,40,29.8,0.543,0.265,0.583,0.578,5.8,3.0,1.3,0.9,1.3,2.6,8.0
437,418,76,11,Ryan Anderson,2018-19,2018,TOT,25,8,12.9,0.304,0.225,0.414,0.75,2.2,0.8,0.2,0.0,0.6,1.0,2.5
440,440,80,2,Ike Anigbogu,2018-19,2018,IND,3,0,2.0,0.0,0.0,0.0,0.0,1.0,0.3,0.0,0.3,0.3,0.0,0.0
453,452,83,6,Giannis Antetokounmpo,2018-19,2018,MIL,72,72,32.8,0.578,0.256,0.641,0.729,12.5,5.9,1.3,1.5,3.7,3.2,27.7
454,453,84,1,Kostas Antetokounmpo,2018-19,2018,DAL,2,0,5.5,0.0,0.0,0.0,0.5,0.5,0.0,1.0,0.0,0.5,0.0,1.0
491,470,86,16,Carmelo Anthony,2018-19,2018,HOU,10,2,29.4,0.405,0.328,0.491,0.682,5.4,0.5,0.4,0.7,0.8,3.2,13.4
495,495,90,2,OG Anunoby,2018-19,2018,TOR,67,6,20.2,0.453,0.332,0.574,0.581,2.9,0.7,0.7,0.3,0.8,2.1,7.0
503,503,94,2,Ryan Arcidiacono,2018-19,2018,CHI,81,32,24.2,0.447,0.373,0.527,0.873,2.7,3.3,0.8,0.0,0.8,2.1,6.7
529,529,96,15,Trevor Ariza,2018-19,2018,TOT,69,69,34.0,0.399,0.334,0.493,0.793,5.4,3.7,1.3,0.3,1.5,1.9,12.5
646,646,111,11,D.J. Augustin,2018-19,2018,ORL,81,81,28.0,0.47,0.421,0.511,0.866,2.5,5.3,0.6,0.0,1.6,1.4,11.7
677,677,119,1,Deandre Ayton,2018-19,2018,PHO,71,70,30.7,0.585,0.0,0.588,0.746,10.3,1.8,0.9,0.9,1.8,2.9,16.3
695,695,124,2,Dwayne Bacon,2018-19,2018,CHO,43,13,17.7,0.475,0.437,0.494,0.739,2.1,1.1,0.3,0.1,0.4,1.7,7.3
710,710,127,1,Marvin Bagley,2018-19,2018,SAC,62,4,25.3,0.504,0.313,0.534,0.691,7.6,1.0,0.5,1.0,1.6,1.9,14.9
754,741,135,3,Ron Baker,2018-19,2018,TOT,15,0,10.1,0.2,0.077,0.429,0.833,0.7,1.0,0.4,0.1,0.3,1.2,0.9
757,757,137,3,Wade Baldwin,2018-19,2018,POR,16,0,5.9,0.303,0.222,0.333,0.727,0.9,0.8,0.1,0.1,0.9,0.7,1.9
766,766,140,2,Lonzo Ball,2018-19,2018,LAL,47,45,30.3,0.406,0.329,0.482,0.417,5.3,5.4,1.5,0.4,2.2,2.4,9.9
767,767,141,1,Mo Bamba,2018-19,2018,ORL,47,1,16.3,0.481,0.3,0.555,0.587,5.0,0.8,0.3,1.4,0.9,2.2,6.2
816,816,147,13,J.J. Barea,2018-19,2018,DAL,38,0,19.8,0.418,0.297,0.479,0.705,2.5,5.6,0.6,0.0,1.9,1.3,10.9
865,851,151,7,Harrison Barnes,2018-19,2018,TOT,77,77,32.9,0.42,0.395,0.439,0.824,4.7,1.5,0.6,0.2,1.3,1.6,16.4
929,929,159,7,Will Barton,2018-19,2018,DEN,43,38,27.7,0.402,0.342,0.447,0.77,4.6,2.9,0.4,0.5,1.5,1.9,11.5
954,954,165,1,Keita Bates-Diop,2018-19,2018,MIN,30,3,16.8,0.423,0.25,0.522,0.643,2.8,0.6,0.6,0.5,0.5,1.0,5.0
1011,1011,173,11,Nicolas Batum,2018-19,2018,CHO,75,72,31.4,0.45,0.389,0.519,0.865,5.2,3.3,0.9,0.6,1.6,1.9,9.3
1026,1026,175,11,Jerryd Bayless,2018-19,2018,MIN,34,6,19.3,0.357,0.296,0.402,0.571,1.8,3.5,0.5,0.1,0.9,1.6,6.1
1033,1033,176,7,Aron Baynes,2018-19,2018,BOS,51,18,16.1,0.471,0.344,0.519,0.855,4.7,1.1,0.2,0.7,0.8,2.5,5.6
1041,1041,178,7,Kent Bazemore,2018-19,2018,ATL,67,35,24.5,0.402,0.32,0.465,0.726,3.9,2.3,1.3,0.6,1.8,2.5,11.6
1048,1048,179,7,Bradley Beal,2018-19,2018,WAS,82,82,36.9,0.475,0.351,0.548,0.808,5.0,5.5,1.5,0.7,2.7,2.8,25.6
1062,1052,181,3,Malik Beasley,2018-19,2018,DEN,81,18,23.2,0.474,0.402,0.56,0.848,2.5,1.2,0.7,0.1,0.7,1.4,11.3
1063,1063,182,11,Michael Beasley,2018-19,2018,LAL,26,2,10.7,0.49,0.176,0.529,0.718,2.3,1.0,0.3,0.4,1.0,1.6,7.0
1088,1088,186,12,Marco Belinelli,2018-19,2018,SAS,79,1,23.0,0.413,0.372,0.468,0.903,2.5,1.7,0.4,0.1,0.9,1.5,10.5
1110,1097,188,2,Jordan Bell,2018-19,2018,GSW,68,3,11.6,0.516,0.0,0.521,0.61,2.7,1.1,0.3,0.8,0.6,1.2,3.3
1113,1113,191,3,DeAndre' Bembry,2018-19,2018,ATL,82,15,23.5,0.446,0.289,0.508,0.64,4.4,2.5,1.3,0.5,1.7,2.3,8.4
1124,1116,192,3,Dragan Bender,2018-19,2018,PHO,46,27,18.0,0.447,0.218,0.688,0.593,4.0,1.2,0.4,0.5,0.8,2.0,5.0
1177,1175,207,1,Dairis Bertans,2018-19,2018,NOP,12,0,13.9,0.255,0.294,0.154,0.0,0.8,0.8,0.1,0.0,0.2,0.6,2.8
1178,1178,208,3,Davis Bertans,2018-19,2018,SAS,76,12,21.5,0.45,0.429,0.513,0.883,3.5,1.3,0.5,0.4,0.6,1.8,8.0
1195,1195,210,7,Patrick Beverley,2018-19,2018,LAC,78,49,27.4,0.407,0.397,0.421,0.78,5.0,3.8,0.9,0.6,1.1,3.4,7.6
1240,1240,216,2,Khem Birch,2018-19,2018,ORL,50,1,12.9,0.603,0.0,0.607,0.699,3.8,0.8,0.4,0.6,0.4,1.4,4.8
1262,1262,219,8,Bismack Biyombo,2018-19,2018,CHO,54,32,14.5,0.571,0.0,0.571,0.637,4.6,0.6,0.2,0.8,0.6,1.9,4.4
1266,1266,220,4,Nemanja Bjelica,2018-19,2018,SAC,77,70,23.2,0.479,0.401,0.539,0.761,5.8,1.9,0.7,0.7,1.1,2.6,9.6
1315,1315,231,2,Antonio Blakeney,2018-19,2018,CHI,57,3,14.5,0.419,0.396,0.426,0.658,1.9,0.7,0.2,0.2,0.6,0.7,7.3
1351,1351,237,9,Eric Bledsoe,2018-19,2018,MIL,78,78,29.1,0.484,0.329,0.582,0.75,4.6,5.5,1.5,0.4,2.1,2.0,15.9
1352,1352,238,1,Jaron Blossomgame,2018-19,2018,CLE,27,4,16.3,0.443,0.256,0.552,0.769,3.6,0.5,0.3,0.3,0.4,0.7,4.2
1394,1390,245,2,Bogdan Bogdanovic,2018-19,2018,SAC,70,17,27.8,0.418,0.36,0.462,0.827,3.5,3.8,1.0,0.2,1.7,2.0,14.1
1395,1395,246,5,Bojan Bogdanovic,2018-19,2018,IND,81,81,31.8,0.497,0.425,0.538,0.807,4.1,2.0,0.9,0.0,1.7,1.7,18.0
1423,1423,248,14,Andrew Bogut,2018-19,2018,GSW,11,5,12.2,0.5,0.0,0.5,1.0,5.0,1.0,0.3,0.7,0.7,2.0,3.5
1438,1438,251,1,Jonah Bolden,2018-19,2018,PHI,44,10,14.5,0.494,0.354,0.697,0.481,3.8,0.9,0.4,0.9,0.8,2.3,4.7
1445,1445,255,1,Isaac Bonga,2018-19,2018,LAL,22,0,5.5,0.152,0.0,0.2,0.6,1.1,0.7,0.4,0.2,0.3,0.4,0.9
1477,1467,258,4,Devin Booker,2018-19,2018,PHO,64,64,35.0,0.467,0.326,0.536,0.866,4.1,6.8,0.9,0.2,4.1,3.1,26.6
1525,1525,269,2,Chris Boucher,2018-19,2018,TOR,28,0,5.8,0.447,0.324,0.564,0.867,2.0,0.1,0.2,0.9,0.3,1.1,3.3
1633,1603,282,9,Avery Bradley,2018-19,2018,TOT,63,63,30.2,0.408,0.351,0.446,0.86,2.8,2.4,0.7,0.3,1.4,2.7,9.9
1634,1634,287,2,Tony Bradley,2018-19,2018,UTA,3,0,12.0,0.5,0.0,0.5,0.5,5.0,0.3,0.7,0.7,1.0,2.0,5.7
1713,1701,299,12,Corey Brewer,2018-19,2018,TOT,31,3,15.9,0.431,0.318,0.494,0.721,2.5,1.3,1.0,0.2,0.6,2.0,4.9
1734,1734,304,1,Mikal Bridges,2018-19,2018,PHO,82,56,29.5,0.43,0.335,0.548,0.805,3.2,2.1,1.6,0.5,0.9,2.5,8.3
1735,1735,305,1,Miles Bridges,2018-19,2018,CHO,80,25,21.2,0.464,0.325,0.553,0.753,4.0,1.2,0.7,0.6,0.6,1.4,7.5
1736,1736,306,1,Isaiah Briscoe,2018-19,2018,ORL,39,0,14.3,0.399,0.324,0.423,0.577,1.9,2.2,0.3,0.1,0.8,1.7,3.5
1743,1743,310,1,Ryan Broekhoff,2018-19,2018,DAL,42,0,10.8,0.452,0.409,0.576,0.789,1.5,0.5,0.1,0.1,0.4,0.8,4.0
1748,1748,312,3,Malcolm Brogdon,2018-19,2018,MIL,64,64,28.6,0.505,0.426,0.544,0.928,4.5,3.2,0.7,0.2,1.4,1.6,15.6
1783,1760,314,2,Dillon Brooks,2018-19,2018,MEM,18,0,18.3,0.402,0.375,0.415,0.733,1.7,0.9,0.6,0.2,1.1,2.8,7.5
1784,1768,316,5,MarShon Brooks,2018-19,2018,MEM,29,0,13.3,0.45,0.278,0.53,0.697,1.6,0.9,0.3,0.1,0.7,1.1,6.6
1934,1795,322,1,Bruce Brown,2018-19,2018,DET,74,56,19.6,0.398,0.258,0.457,0.75,2.5,1.2,0.5,0.5,0.6,2.4,4.3
1935,1843,331,3,Jaylen Brown,2018-19,2018,BOS,74,25,25.9,0.465,0.344,0.529,0.658,4.2,1.4,0.9,0.4,1.3,2.5,13.0
1936,1865,335,5,Lorenzo Brown,2018-19,2018,TOR,26,0,8.2,0.324,0.214,0.395,1.0,1.2,1.1,0.5,0.2,0.6,0.8,2.1
1937,1926,345,2,Sterling Brown,2018-19,2018,MIL,58,7,17.8,0.465,0.361,0.558,0.69,3.2,1.4,0.4,0.1,0.8,1.5,6.4
1938,1938,348,1,Troy Brown,2018-19,2018,WAS,52,10,14.0,0.415,0.319,0.455,0.681,2.8,1.5,0.4,0.1,0.6,1.1,4.8
1949,1940,350,1,Jalen Brunson,2018-19,2018,DAL,73,38,21.8,0.467,0.348,0.523,0.725,2.3,3.2,0.5,0.1,1.2,1.7,9.3
1991,1988,356,2,Thomas Bryant,2018-19,2018,WAS,72,53,20.8,0.616,0.333,0.685,0.781,6.3,1.3,0.3,0.9,0.8,1.8,10.5
2044,2044,365,6,Reggie Bullock,2018-19,2018,TOT,63,60,29.8,0.412,0.377,0.483,0.859,2.7,2.0,0.6,0.2,1.0,1.7,11.3
2053,2053,367,6,Trey Burke,2018-19,2018,TOT,58,8,19.4,0.431,0.352,0.463,0.831,1.7,2.7,0.6,0.1,0.8,1.0,10.9
2064,2062,369,8,Alec Burks,2018-19,2018,TOT,64,24,21.5,0.405,0.363,0.428,0.823,3.7,2.0,0.6,0.3,1.0,1.4,8.8
2085,2077,376,1,Deonte Burton,2018-19,2018,OKC,32,0,7.5,0.402,0.296,0.455,0.667,0.9,0.3,0.2,0.3,0.3,1.0,2.6
2138,2117,382,8,Jimmy Butler,2018-19,2018,TOT,65,65,33.6,0.462,0.347,0.494,0.855,5.3,4.0,1.9,0.6,1.5,1.7,18.7
2166,2166,390,5,Bruno Caboclo,2018-19,2018,MEM,34,19,23.5,0.427,0.369,0.505,0.84,4.6,1.5,0.4,1.0,1.1,2.4,8.3
2205,2205,395,2,Jose Calderon,2018-19,2018,DET,49,0,12.9,0.375,0.246,0.492,0.818,1.2,2.3,0.3,0.1,0.7,1.3,2.3
2217,2217,397,6,Kentavious Caldwell-Pope,2018-19,2018,LAL,82,23,24.8,0.43,0.347,0.542,0.867,2.9,1.3,0.9,0.2,0.8,1.7,11.4
2269,2269,404,6,Isaiah Canaan,2018-19,2018,TOT,30,16,21.0,0.39,0.354,0.441,0.792,1.9,2.8,0.5,0.1,1.2,1.7,6.0
2274,2274,405,5,Clint Capela,2018-19,2018,HOU,67,67,33.6,0.648,0.0,0.648,0.636,12.7,1.4,0.7,1.5,1.4,2.5,16.6
2351,2331,414,10,DeMarre Carroll,2018-19,2018,BRK,67,8,25.4,0.395,0.342,0.457,0.76,5.2,1.3,0.5,0.1,1.1,1.7,11.1
2397,2374,421,1,Jevon Carter,2018-19,2018,MEM,39,3,14.8,0.303,0.333,0.265,0.813,1.7,1.8,0.7,0.3,0.8,1.4,4.4
2398,2398,424,21,Vince Carter,2018-19,2018,ATL,76,9,17.5,0.419,0.389,0.48,0.712,2.6,1.1,0.6,0.4,0.6,1.9,7.4
2399,2399,425,1,Wendell Carter,2018-19,2018,CHI,44,44,25.2,0.485,0.188,0.513,0.795,7.0,1.8,0.6,1.3,1.5,3.5,10.3
2405,2405,426,6,Michael Carter-Williams,2018-19,2018,TOT,28,1,13.3,0.374,0.263,0.424,0.604,2.5,2.5,0.7,0.5,0.7,1.7,4.8
2422,2422,428,2,Alex Caruso,2018-19,2018,LAL,25,4,21.2,0.445,0.48,0.431,0.797,2.7,3.1,1.0,0.4,1.7,2.2,9.2
2447,2447,430,10,Omri Casspi,2018-19,2018,MEM,36,0,14.4,0.534,0.349,0.602,0.672,3.2,0.7,0.6,0.3,0.6,1.0,6.3
2471,2471,434,4,Willie Cauley-Stein,2018-19,2018,SAC,81,81,27.3,0.556,0.5,0.556,0.551,8.4,2.4,1.2,0.6,1.0,2.8,11.9
2472,2472,435,1,Troy Caupain,2018-19,2018,ORL,4,0,4.0,0.5,0.667,0.4,0.0,0.8,1.0,0.3,0.0,0.0,0.0,2.5
2485,2485,437,2,Tyler Cavanaugh,2018-19,2018,UTA,11,0,3.5,0.3,0.2,0.4,1.0,0.7,0.1,0.0,0.0,0.1,0.3,0.8
2554,2544,445,18,Tyson Chandler,2018-19,2018,TOT,55,6,15.9,0.616,0.0,0.622,0.586,5.6,0.7,0.4,0.4,0.8,2.0,3.1
2555,2555,446,11,Wilson Chandler,2018-19,2018,TOT,51,33,23.1,0.418,0.373,0.478,0.72,4.2,1.6,0.5,0.4,0.9,2.4,6.0
2569,2569,449,1,Joe Chealey,2018-19,2018,CHO,1,0,8.0,0.333,0.0,0.333,0.0,0.0,1.0,0.0,0.0,0.0,1.0,2.0
2615,2615,457,1,Chris Chiozza,2018-19,2018,HOU,7,0,4.7,0.25,0.4,0.0,0.0,0.6,0.6,0.1,0.1,0.1,0.3,0.9
2618,2618,458,3,Marquese Chriss,2018-19,2018,TOT,43,2,11.6,0.372,0.222,0.472,0.711,3.3,0.5,0.4,0.3,0.8,1.9,4.2
2659,2648,467,1,Gary Clark,2018-19,2018,HOU,51,2,12.6,0.331,0.297,0.692,1.0,2.3,0.4,0.4,0.5,0.1,0.9,2.9
2660,2654,468,6,Ian Clark,2018-19,2018,NOP,60,6,16.2,0.394,0.327,0.47,0.892,1.5,1.6,0.4,0.1,1.0,1.6,6.7
2666,2666,471,5,Jordan Clarkson,2018-19,2018,CLE,81,0,27.3,0.448,0.324,0.524,0.844,3.3,2.4,0.7,0.2,1.7,1.4,16.8
2779,2773,493,2,John Collins,2018-19,2018,ATL,61,59,30.0,0.56,0.348,0.609,0.763,9.8,2.0,0.4,0.6,2.0,3.3,19.5
2780,2780,496,2,Zach Collins,2018-19,2018,POR,77,0,17.6,0.473,0.331,0.534,0.746,4.2,0.9,0.3,0.9,1.0,2.3,6.6
2805,2791,498,10,Darren Collison,2018-19,2018,IND,76,76,28.2,0.467,0.407,0.492,0.832,3.1,6.0,1.4,0.1,1.6,1.8,11.2
2809,2808,501,1,Bonzie Colson,2018-19,2018,MIL,8,2,12.3,0.333,0.238,0.444,0.889,3.8,0.4,0.6,0.1,0.4,0.4,4.9
2832,2832,506,12,Mike Conley,2018-19,2018,MEM,70,70,33.5,0.438,0.364,0.483,0.845,3.4,6.4,1.3,0.3,1.9,1.8,21.1
2845,2845,508,4,Pat Connaughton,2018-19,2018,MIL,61,2,20.7,0.466,0.33,0.647,0.725,4.2,2.0,0.5,0.4,0.5,1.3,6.9
2900,2900,517,3,Quinn Cook,2018-19,2018,GSW,74,10,14.3,0.465,0.405,0.515,0.769,2.1,1.6,0.3,0.0,0.7,1.2,6.9
2957,2957,535,9,DeMarcus Cousins,2018-19,2018,GSW,30,30,25.7,0.48,0.274,0.551,0.736,8.2,3.6,1.3,1.5,2.4,3.6,16.3
2963,2963,536,6,Robert Covington,2018-19,2018,TOT,35,35,34.4,0.431,0.378,0.518,0.764,5.5,1.3,2.1,1.3,1.3,3.6,13.3
2970,2970,538,6,Allen Crabbe,2018-19,2018,BRK,43,20,26.3,0.367,0.378,0.342,0.732,3.4,1.1,0.5,0.3,1.1,2.4,9.6
2972,2972,539,2,Torrey Craig,2018-19,2018,DEN,75,37,20.0,0.442,0.324,0.569,0.7,3.5,1.0,0.5,0.6,0.6,2.3,5.7
3005,2998,541,19,Jamal Crawford,2018-19,2018,PHO,64,0,18.9,0.397,0.332,0.453,0.845,1.3,3.6,0.5,0.2,1.5,1.2,7.9
3006,3006,544,1,Mitch Creek,2018-19,2018,TOT,5,0,9.6,0.5,0.0,0.571,0.714,2.4,1.2,0.4,0.0,0.2,0.6,4.2
3047,3047,555,7,Jae Crowder,2018-19,2018,UTA,80,11,27.1,0.399,0.331,0.527,0.721,4.8,1.7,0.8,0.4,1.1,2.1,11.9
3096,3090,559,10,Dante Cunningham,2018-19,2018,SAS,64,21,14.5,0.475,0.462,0.484,0.778,2.9,0.8,0.4,0.2,0.3,1.1,3.0
3167,3158,569,5,Seth Curry,2018-19,2018,POR,74,2,18.9,0.456,0.45,0.463,0.846,1.6,0.9,0.5,0.2,0.8,1.3,7.9
3168,3168,570,10,Stephen Curry,2018-19,2018,GSW,69,69,33.8,0.472,0.437,0.525,0.916,5.3,5.2,1.3,0.4,2.8,2.4,27.3
3243,3243,579,6,Troy Daniels,2018-19,2018,PHO,51,1,14.9,0.411,0.381,0.481,0.783,1.4,0.5,0.5,0.1,0.5,1.5,6.2
3401,3273,587,7,Anthony Davis,2018-19,2018,NOP,56,56,33.0,0.517,0.331,0.547,0.794,12.0,3.9,1.6,2.4,2.0,2.4,25.9
3402,3331,594,3,Deyonta Davis,2018-19,2018,ATL,9,0,13.1,0.682,0.0,0.714,0.6,4.0,0.6,0.3,0.6,0.3,1.3,4.0
3403,3340,595,9,Ed Davis,2018-19,2018,BRK,81,1,17.9,0.616,0.0,0.62,0.617,8.6,0.8,0.4,0.4,0.8,2.8,5.8
3404,3404,605,1,Tyler Davis,2018-19,2018,OKC,1,0,1.0,0.0,0.0,0.0,0.0,1.0,0.0,0.0,0.0,0.0,0.0,0.0
3455,3455,617,6,Dewayne Dedmon,2018-19,2018,ATL,64,52,25.1,0.492,0.382,0.57,0.814,7.5,1.4,1.1,1.1,1.3,3.3,10.8
3466,3466,620,4,Sam Dekker,2018-19,2018,TOT,47,5,16.8,0.469,0.306,0.521,0.609,3.1,1.0,0.8,0.1,0.5,1.0,6.1
3485,3485,624,1,Angel Delgado,2018-19,2018,LAC,2,0,7.5,0.2,0.0,0.2,0.5,2.0,0.0,0.5,0.0,0.0,1.0,1.5
3501,3501,626,6,Matthew Dellavedova,2018-19,2018,TOT,48,0,16.9,0.405,0.338,0.482,0.808,1.6,3.8,0.3,0.0,1.4,1.6,5.9
3523,3523,630,15,Luol Deng,2018-19,2018,MIN,22,2,17.8,0.5,0.318,0.608,0.714,3.3,0.8,0.7,0.4,0.6,1.1,7.1
3538,3538,633,10,DeMar DeRozan,2018-19,2018,SAS,77,77,34.9,0.481,0.156,0.492,0.83,6.0,6.2,1.1,0.5,2.6,2.3,21.2
3539,3539,634,1,Marcus Derrickson,2018-19,2018,GSW,11,0,6.1,0.485,0.5,0.462,0.8,1.2,0.1,0.0,0.1,0.3,0.8,4.2
3546,3546,636,3,Cheick Diallo,2018-19,2018,NOP,64,1,14.0,0.62,0.25,0.625,0.746,5.2,0.5,0.5,0.5,0.8,1.8,6.0
3547,3547,637,1,Hamidou Diallo,2018-19,2018,OKC,51,3,10.3,0.455,0.167,0.504,0.61,1.9,0.3,0.4,0.2,0.5,1.5,3.7
3591,3591,645,6,Gorgui Dieng,2018-19,2018,MIN,76,2,13.6,0.501,0.339,0.53,0.83,4.1,0.9,0.6,0.5,0.8,1.8,6.4
3599,3599,648,5,Spencer Dinwiddie,2018-19,2018,BRK,68,4,28.1,0.442,0.335,0.528,0.806,2.4,4.6,0.6,0.3,2.2,2.8,16.8
3634,3634,652,1,Donte DiVincenzo,2018-19,2018,MIL,27,0,15.2,0.403,0.265,0.683,0.75,2.4,1.1,0.5,0.2,0.7,1.4,4.9
3667,3667,657,1,Luka Doncic,2018-19,2018,DAL,72,72,32.2,0.427,0.327,0.503,0.713,7.8,6.0,1.1,0.3,3.4,1.9,21.2
3687,3687,661,2,Tyler Dorsey,2018-19,2018,TOT,48,11,14.5,0.405,0.333,0.477,0.623,2.4,1.2,0.3,0.0,0.6,1.1,6.2
3689,3689,662,2,Damyean Dotson,2018-19,2018,NYK,73,40,27.5,0.415,0.368,0.461,0.745,3.6,1.8,0.8,0.1,1.0,1.8,10.7
3726,3725,671,2,PJ Dozier,2018-19,2018,BOS,6,0,8.5,0.381,0.25,0.462,0.5,2.8,0.8,0.3,0.0,0.0,0.3,3.2
3738,3737,673,11,Goran Dragic,2018-19,2018,MIA,36,22,27.5,0.413,0.348,0.454,0.782,3.1,4.8,0.8,0.1,2.0,2.3,13.7
3794,3794,682,7,Andre Drummond,2018-19,2018,DET,79,79,33.5,0.533,0.132,0.548,0.59,15.6,1.4,1.7,1.7,2.2,3.4,17.3
3833,3833,685,12,Jared Dudley,2018-19,2018,BRK,59,25,20.7,0.423,0.351,0.545,0.696,2.6,1.4,0.6,0.3,0.7,2.2,4.9
3890,3890,693,3,Kris Dunn,2018-19,2018,CHI,46,44,30.2,0.425,0.354,0.441,0.797,4.1,6.0,1.5,0.5,2.3,3.6,11.3
3908,3908,695,12,Kevin Durant,2018-19,2018,GSW,78,78,34.6,0.521,0.353,0.587,0.885,6.4,5.9,0.7,1.1,2.9,2.0,26.0
3916,3916,699,1,Trevon Duval,2018-19,2018,MIL,3,0,2.0,0.667,1.0,0.5,0.0,0.3,0.7,0.0,0.0,0.0,0.0,1.7
4000,4000,723,1,Vince Edwards,2018-19,2018,HOU,2,0,8.0,0.25,0.25,0.0,0.0,1.0,0.0,0.0,0.0,0.0,0.0,1.5
4045,4045,729,3,Henry Ellenson,2018-19,2018,TOT,19,0,13.6,0.411,0.447,0.386,0.76,3.5,0.8,0.4,0.1,0.5,1.4,6.0
4055,4055,730,10,Wayne Ellington,2018-19,2018,TOT,53,38,24.5,0.403,0.371,0.541,0.796,2.0,1.4,1.0,0.1,0.8,1.7,10.3
4145,4145,740,3,Joel Embiid,2018-19,2018,PHI,64,64,33.7,0.484,0.3,0.535,0.804,13.6,3.7,0.7,1.9,3.5,3.3,27.5
4168,4164,747,5,James Ennis,2018-19,2018,TOT,58,27,21.2,0.469,0.353,0.601,0.716,3.1,0.7,0.7,0.4,0.6,2.6,6.7
4176,4176,752,1,Drew Eubanks,2018-19,2018,SAS,23,0,4.9,0.577,0.0,0.577,0.846,1.5,0.3,0.1,0.2,0.3,0.5,1.8
4229,4181,755,1,Jacob Evans,2018-19,2018,GSW,30,1,6.8,0.34,0.267,0.368,0.0,0.8,0.8,0.2,0.1,0.4,0.9,1.3
4230,4183,756,2,Jawun Evans,2018-19,2018,TOT,8,0,8.1,0.214,0.0,0.273,0.0,1.5,1.3,0.4,0.0,0.8,1.0,0.8
4231,4231,761,10,Tyreke Evans,2018-19,2018,IND,69,18,20.3,0.389,0.356,0.405,0.719,2.9,2.4,0.8,0.3,1.7,1.7,10.2
4268,4268,765,4,Dante Exum,2018-19,2018,UTA,42,1,15.8,0.419,0.29,0.464,0.791,1.6,2.6,0.3,0.1,1.2,1.6,6.9
4281,4281,768,8,Kenneth Faried,2018-19,2018,TOT,37,13,19.7,0.589,0.32,0.617,0.646,6.8,0.5,0.5,0.6,0.9,2.2,10.4
4310,4310,774,9,Derrick Favors,2018-19,2018,UTA,76,70,23.2,0.586,0.218,0.64,0.675,7.4,1.2,0.7,1.4,1.1,2.1,11.8
4327,4327,780,2,Cristiano Felicio,2018-19,2018,CHI,60,0,12.4,0.531,0.0,0.543,0.685,3.6,0.6,0.2,0.1,0.6,1.2,4.0
4343,4343,783,14,Raymond Felton,2018-19,2018,OKC,33,0,11.5,0.407,0.328,0.473,0.923,1.0,1.6,0.3,0.2,0.4,0.9,4.3
4346,4346,785,2,Terrance Ferguson,2018-19,2018,OKC,74,74,26.1,0.429,0.366,0.56,0.725,1.9,1.0,0.5,0.2,0.6,3.1,6.9
4365,4365,789,3,Yogi Ferrell,2018-19,2018,SAC,71,3,15.0,0.435,0.362,0.488,0.896,1.5,1.9,0.5,0.1,0.6,0.9,5.9
4410,4410,795,3,Dorian Finney-Smith,2018-19,2018,DAL,81,26,24.5,0.432,0.311,0.544,0.709,4.8,1.2,0.9,0.4,0.9,2.3,7.5
4475,4473,807,3,Bryn Forbes,2018-19,2018,SAS,82,81,28.0,0.456,0.426,0.489,0.885,2.9,2.1,0.5,0.0,1.0,1.9,11.8
4540,4540,821,7,Evan Fournier,2018-19,2018,ORL,81,81,31.5,0.438,0.34,0.509,0.806,3.2,3.6,0.9,0.1,1.9,2.8,15.1
4559,4546,823,2,De'Aaron Fox,2018-19,2018,SAC,81,81,31.4,0.458,0.371,0.482,0.727,3.8,7.3,1.6,0.6,2.8,2.5,17.3
4607,4603,831,1,Melvin Frazier,2018-19,2018,ORL,10,0,4.4,0.333,0.0,0.467,0.25,0.5,0.1,0.1,0.0,0.1,0.6,1.5
4608,4608,832,5,Tim Frazier,2018-19,2018,TOT,59,19,19.0,0.444,0.366,0.494,0.759,2.8,4.2,0.5,0.1,1.3,1.9,5.3
4617,4617,834,6,Jimmer Fredette,2018-19,2018,PHO,6,0,10.8,0.276,0.0,0.5,1.0,1.2,1.3,0.5,0.0,0.8,0.8,3.7
4635,4635,837,13,Channing Frye,2018-19,2018,CLE,36,6,9.5,0.368,0.405,0.289,0.786,1.4,0.6,0.2,0.1,0.4,1.2,3.6
4644,4644,841,2,Markelle Fultz,2018-19,2018,PHI,19,15,22.5,0.419,0.286,0.433,0.568,3.7,3.1,0.9,0.3,1.3,2.7,8.2
4684,4684,849,10,Danilo Gallinari,2018-19,2018,LAC,68,68,30.3,0.463,0.433,0.484,0.904,6.1,2.6,0.7,0.3,1.5,1.9,19.8
4689,4689,850,5,Langston Galloway,2018-19,2018,DET,80,4,21.8,0.388,0.355,0.449,0.844,2.1,1.1,0.5,0.1,0.3,1.7,8.4
4766,4754,864,1,Billy Garrett,2018-19,2018,NYK,4,0,15.8,0.407,0.0,0.579,1.0,0.8,1.8,0.3,0.3,0.5,0.8,6.5
4811,4794,872,11,Marc Gasol,2018-19,2018,TOT,79,72,30.8,0.448,0.363,0.487,0.759,7.9,4.4,1.1,1.1,2.0,2.7,13.6
4812,4812,873,18,Pau Gasol,2018-19,2018,TOT,30,6,12.0,0.447,0.462,0.444,0.7,4.6,1.7,0.2,0.5,0.5,1.0,3.9
4845,4845,876,13,Rudy Gay,2018-19,2018,SAS,69,51,26.7,0.504,0.402,0.537,0.816,6.8,2.6,0.8,0.5,1.7,2.3,13.7
4895,4891,884,9,Paul George,2018-19,2018,OKC,77,77,36.9,0.438,0.386,0.484,0.839,8.2,4.1,2.2,0.4,2.7,2.8,28.0
4920,4920,891,10,Taj Gibson,2018-19,2018,MIN,70,57,24.1,0.566,0.324,0.583,0.757,6.5,1.2,0.8,0.6,1.0,2.7,10.8
4924,4924,894,1,Harry Giles,2018-19,2018,SAC,58,0,14.1,0.503,0.0,0.512,0.637,3.8,1.5,0.5,0.4,1.3,2.6,7.0
4925,4925,895,1,Shai Gilgeous-Alexander,2018-19,2018,LAC,82,73,26.5,0.476,0.367,0.503,0.8,2.8,3.3,1.2,0.5,1.7,2.1,10.8
5016,5016,909,6,Rudy Gobert,2018-19,2018,UTA,81,80,31.8,0.669,0.0,0.669,0.636,12.9,2.0,0.8,2.3,1.6,2.9,15.9
5057,5057,917,1,Brandon Goodwin,2018-19,2018,DEN,16,0,3.6,0.261,0.333,0.235,0.818,0.2,0.9,0.0,0.0,0.2,0.4,1.4
5088,5062,918,5,Aaron Gordon,2018-19,2018,ORL,78,78,33.8,0.449,0.349,0.499,0.731,7.4,3.7,0.7,0.7,2.1,2.2,16.0
5089,5085,921,11,Eric Gordon,2018-19,2018,HOU,68,53,31.7,0.409,0.36,0.497,0.783,2.2,1.9,0.6,0.4,1.3,2.1,16.2
5101,5101,923,12,Marcin Gortat,2018-19,2018,LAC,47,43,16.0,0.532,0.0,0.532,0.729,5.6,1.4,0.1,0.5,1.1,2.0,5.0
5129,5106,926,1,Devonte' Graham,2018-19,2018,CHO,46,3,14.7,0.343,0.281,0.421,0.761,1.4,2.6,0.5,0.0,0.7,1.0,4.7
5130,5130,932,3,Treveon Graham,2018-19,2018,BRK,35,21,20.4,0.335,0.297,0.413,0.818,3.1,1.0,0.4,0.2,0.5,1.9,5.3
5218,5212,942,5,Jerami Grant,2018-19,2018,OKC,80,77,32.7,0.497,0.392,0.555,0.71,5.2,1.0,0.8,1.3,0.8,2.7,13.6
5219,5216,943,4,Jerian Grant,2018-19,2018,ORL,60,1,15.7,0.418,0.364,0.473,0.65,1.6,2.6,0.7,0.1,0.9,1.3,4.2
5220,5220,946,1,Donte Grantham,2018-19,2018,OKC,3,0,0.7,0.0,0.0,0.0,0.0,0.0,0.0,0.0,0.0,0.0,0.0,0.0
5345,5277,957,10,Danny Green,2018-19,2018,TOR,80,80,27.7,0.465,0.455,0.487,0.841,4.0,1.6,0.9,0.7,0.9,2.1,10.3
5346,5285,959,7,Draymond Green,2018-19,2018,GSW,66,66,31.3,0.445,0.285,0.549,0.692,7.3,6.9,1.4,1.1,2.6,3.0,7.4
5347,5299,961,12,Gerald Green,2018-19,2018,HOU,73,0,20.2,0.4,0.354,0.547,0.838,2.5,0.5,0.5,0.4,0.8,1.7,9.2
5348,5304,962,5,JaMychal Green,2018-19,2018,TOT,65,6,21.1,0.483,0.403,0.53,0.792,6.3,0.8,0.7,0.5,1.3,3.0,9.4
5349,5315,963,11,Jeff Green,2018-19,2018,WAS,77,44,27.2,0.475,0.347,0.586,0.888,4.0,1.8,0.6,0.5,1.3,2.1,12.3
5399,5393,979,9,Blake Griffin,2018-19,2018,DET,75,75,35.0,0.462,0.362,0.525,0.753,7.5,5.4,0.7,0.4,3.4,2.7,24.5
5508,5475,1001,2,Daniel Hamilton,2018-19,2018,ATL,19,3,10.7,0.383,0.348,0.405,0.5,2.5,1.2,0.3,0.1,0.8,1.0,3.0
5530,5530,1014,1,Dusty Hannahs,2018-19,2018,MEM,2,0,13.0,0.25,0.0,0.429,1.0,0.5,2.5,0.5,0.0,0.5,0.5,4.0
5594,5594,1023,19,Tim Hardaway,2018-19,2018,TOT,65,63,31.6,0.393,0.34,0.442,0.841,3.4,2.4,0.8,0.1,1.6,2.2,18.1
5604,5604,1024,10,James Harden,2018-19,2018,HOU,78,78,36.8,0.442,0.368,0.528,0.879,6.6,7.5,2.0,0.7,5.0,3.1,36.1
5613,5613,1026,7,Maurice Harkless,2018-19,2018,POR,60,53,23.6,0.487,0.275,0.582,0.671,4.5,1.2,1.1,0.9,0.8,2.7,7.7
5665,5665,1033,4,Montrezl Harrell,2018-19,2018,LAC,82,5,26.3,0.615,0.176,0.623,0.643,6.5,2.0,0.9,1.3,1.6,3.1,16.6
5761,5715,1039,15,Devin Harris,2018-19,2018,DAL,68,2,15.8,0.38,0.31,0.476,0.761,1.6,1.8,0.5,0.2,0.8,2.0,6.3
5762,5721,1041,5,Gary Harris,2018-19,2018,DEN,57,48,28.8,0.424,0.339,0.476,0.799,2.8,2.2,1.0,0.3,1.2,2.0,12.9
5763,5726,1042,5,Joe Harris,2018-19,2018,BRK,76,76,30.2,0.5,0.474,0.528,0.827,3.8,2.4,0.5,0.2,1.6,2.4,13.7
5764,5761,1048,8,Tobias Harris,2018-19,2018,TOT,82,82,34.7,0.487,0.397,0.528,0.866,7.9,2.8,0.6,0.5,1.8,2.2,20.0
5775,5770,1051,3,Andrew Harrison,2018-19,2018,TOT,17,0,11.0,0.302,0.2,0.393,0.944,1.2,1.4,0.2,0.1,0.7,2.0,3.2
5776,5776,1053,2,Shaquille Harrison,2018-19,2018,CHI,73,11,19.6,0.432,0.27,0.475,0.667,3.0,1.9,1.2,0.4,0.8,1.7,6.5
5787,5787,1055,2,Josh Hart,2018-19,2018,LAL,67,22,25.6,0.407,0.336,0.511,0.688,3.7,1.4,1.0,0.6,0.9,2.2,7.8
5788,5788,1056,1,Isaiah Hartenstein,2018-19,2018,HOU,28,0,7.9,0.488,0.333,0.514,0.786,1.7,0.5,0.3,0.4,0.5,2.0,1.9
5818,5818,1060,16,Udonis Haslem,2018-19,2018,MIA,10,1,7.4,0.333,0.0,0.524,0.75,2.7,0.2,0.0,0.0,0.3,0.9,2.5
5904,5901,1072,9,Gordon Hayward,2018-19,2018,BOS,72,18,25.9,0.466,0.333,0.542,0.834,4.5,3.4,0.9,0.3,1.5,1.4,11.5
6000,5993,1092,7,John Henson,2018-19,2018,MIL,14,0,13.4,0.463,0.355,0.556,0.6,5.1,1.0,0.5,0.8,0.9,1.1,5.6
6005,6004,1096,2,Juancho Hernangomez,2018-19,2018,DEN,70,25,19.4,0.439,0.365,0.541,0.767,3.8,0.8,0.4,0.3,0.5,1.3,5.8
6006,6006,1097,2,Willy Hernangomez,2018-19,2018,CHO,58,3,14.0,0.519,0.385,0.539,0.694,5.4,1.0,0.3,0.3,1.0,1.7,7.3
6023,6023,1101,4,Mario Hezonja,2018-19,2018,NYK,58,24,20.8,0.412,0.276,0.478,0.763,4.1,1.5,1.0,0.1,1.5,1.9,8.8
6034,6034,1103,2,Isaiah Hicks,2018-19,2018,NYK,3,0,10.7,0.5,0.0,0.5,0.8,2.3,0.7,0.3,1.0,0.3,1.7,4.0
6045,6045,1105,3,Buddy Hield,2018-19,2018,SAC,82,82,31.9,0.458,0.427,0.487,0.886,5.0,2.5,0.7,0.4,1.8,2.5,20.7
6073,6073,1111,1,Haywood Highsmith,2018-19,2018,PHI,5,0,8.0,0.4,0.2,0.6,0.0,1.0,0.4,0.2,0.0,0.2,0.2,1.8
6090,6090,1113,2,Nene Hilario,2018-19,2018,HOU,42,2,13.0,0.517,0.0,0.531,0.66,2.9,0.6,0.4,0.4,0.3,2.1,3.6
6147,6101,1114,11,George Hill,2018-19,2018,TOT,60,13,21.7,0.452,0.314,0.547,0.824,2.5,2.3,0.9,0.1,0.9,1.7,7.6
6148,6133,1117,6,Solomon Hill,2018-19,2018,NOP,44,15,20.0,0.382,0.317,0.468,0.719,3.0,1.3,0.5,0.2,0.7,1.8,4.3
6217,6203,1130,1,Aaron Holiday,2018-19,2018,IND,50,0,12.9,0.401,0.339,0.459,0.82,1.3,1.7,0.4,0.3,0.8,1.4,5.9
6218,6213,1131,10,Jrue Holiday,2018-19,2018,NOP,67,67,35.9,0.472,0.325,0.539,0.768,5.0,7.7,1.6,0.8,3.1,2.2,21.2
6219,6219,1132,6,Justin Holiday,2018-19,2018,TOT,82,77,31.8,0.386,0.348,0.442,0.896,3.9,1.8,1.5,0.4,1.3,2.0,10.5
6224,6224,1134,2,John Holland,2018-19,2018,CLE,1,0,1.0,0.0,0.0,0.0,0.0,0.0,0.0,0.0,0.0,0.0,0.0,0.0
6238,6238,1136,4,Rondae Hollis-Jefferson,2018-19,2018,BRK,59,21,20.9,0.411,0.184,0.436,0.645,5.3,1.6,0.7,0.5,1.2,1.8,8.9
6242,6242,1137,4,Richaun Holmes,2018-19,2018,PHO,70,4,16.9,0.608,0.0,0.608,0.731,4.7,0.9,0.6,1.1,0.7,2.8,8.2
6258,6258,1142,5,Rodney Hood,2018-19,2018,TOT,72,49,26.3,0.435,0.356,0.478,0.884,2.2,1.8,0.8,0.2,0.8,2.0,11.2
6288,6285,1147,12,Al Horford,2018-19,2018,BOS,68,68,29.0,0.535,0.36,0.604,0.821,6.7,4.2,0.9,1.3,1.5,1.9,13.6
6343,6332,1154,3,Danuel House,2018-19,2018,HOU,39,13,25.1,0.468,0.416,0.595,0.789,3.6,1.0,0.5,0.3,0.9,2.1,9.4
6410,6377,1160,15,Dwight Howard,2018-19,2018,WAS,9,9,25.6,0.623,0.0,0.623,0.604,9.2,0.4,0.8,0.4,1.8,3.8,12.8
6438,6438,1168,1,Kevin Huerter,2018-19,2018,ATL,75,59,27.3,0.419,0.385,0.457,0.732,3.3,2.9,0.9,0.3,1.5,2.1,9.7
6490,6466,1177,1,Isaac Humphries,2018-19,2018,ATL,5,1,11.2,0.286,0.273,0.3,0.0,2.2,0.0,0.2,0.0,0.0,1.4,3.0
6526,6517,1185,4,R.J. Hunter,2018-19,2018,BOS,1,0,26.0,0.462,0.4,0.667,0.5,3.0,3.0,1.0,0.0,0.0,3.0,17.0
6540,6540,1190,1,Chandler Hutchison,2018-19,2018,CHI,44,14,20.3,0.459,0.28,0.516,0.605,4.2,0.8,0.5,0.1,0.6,1.3,5.2
6557,6557,1192,10,Serge Ibaka,2018-19,2018,TOR,74,51,27.2,0.529,0.29,0.586,0.763,8.1,1.3,0.4,1.4,1.5,2.9,15.0
6572,6572,1193,15,Andre Iguodala,2018-19,2018,GSW,68,13,23.2,0.5,0.333,0.652,0.582,3.7,3.2,0.9,0.8,0.8,1.4,5.7
6612,6612,1198,11,Ersan Ilyasova,2018-19,2018,MIL,67,7,18.4,0.438,0.363,0.493,0.824,4.5,0.8,0.5,0.3,0.7,2.6,6.8
6617,6617,1199,5,Joe Ingles,2018-19,2018,UTA,82,82,31.3,0.448,0.391,0.533,0.707,4.0,5.7,1.2,0.2,2.4,2.2,12.1
6622,6620,1201,2,Andre Ingram,2018-19,2018,LAL,4,0,3.8,0.0,0.0,0.0,0.0,0.5,0.0,0.3,0.0,0.3,0.0,0.0
6623,6623,1202,3,Brandon Ingram,2018-19,2018,LAL,52,52,33.8,0.497,0.33,0.521,0.675,5.1,3.0,0.5,0.6,2.5,2.9,18.3
6634,6634,1204,8,Kyrie Irving,2018-19,2018,BOS,67,67,33.0,0.487,0.401,0.533,0.873,5.0,6.9,1.5,0.5,2.6,2.5,23.8
6636,6636,1205,2,Jonathan Isaac,2018-19,2018,ORL,75,64,26.6,0.429,0.323,0.51,0.815,5.5,1.1,0.8,1.3,1.0,1.9,9.6
6664,6664,1209,2,Wesley Iwundu,2018-19,2018,ORL,68,13,18.1,0.412,0.367,0.431,0.816,2.7,1.1,0.4,0.3,0.6,1.8,5.0
6787,6697,1215,3,Demetrius Jackson,2018-19,2018,PHI,6,0,6.5,0.533,0.333,0.667,1.0,0.5,0.8,0.3,0.0,0.2,0.7,3.7
6788,6698,1216,1,Frank Jackson,2018-19,2018,NOP,61,16,19.2,0.434,0.314,0.507,0.74,2.2,1.1,0.4,0.0,0.8,1.5,8.1
6789,6711,1217,13,Jaren Jackson,2018-19,2018,MEM,58,56,26.1,0.506,0.359,0.553,0.766,4.7,1.1,0.9,1.4,1.7,3.8,13.8
6790,6732,1220,2,Josh Jackson,2018-19,2018,PHO,79,29,25.2,0.413,0.324,0.445,0.671,4.4,2.3,0.9,0.7,2.2,2.6,11.5
6791,6734,1221,2,Justin Jackson,2018-19,2018,TOT,81,14,19.9,0.447,0.355,0.542,0.785,2.6,1.2,0.4,0.2,0.4,1.2,7.2
6792,6774,1229,8,Reggie Jackson,2018-19,2018,DET,82,82,27.9,0.421,0.369,0.464,0.864,2.6,4.2,0.7,0.1,1.8,2.5,15.4
6857,6841,1240,16,LeBron James,2018-19,2018,LAL,55,55,35.2,0.51,0.339,0.582,0.665,8.5,8.3,1.3,0.6,3.6,1.7,27.4
6928,6908,1252,1,Amile Jefferson,2018-19,2018,ORL,12,0,5.7,0.625,0.0,0.625,0.875,1.8,0.3,0.3,0.3,0.1,0.7,2.3
6948,6948,1259,6,John Jenkins,2018-19,2018,TOT,26,0,12.8,0.4,0.379,0.426,0.833,1.4,0.8,0.0,0.1,0.3,0.4,4.7
6973,6973,1264,9,Jonas Jerebko,2018-19,2018,GSW,73,6,16.7,0.459,0.367,0.563,0.8,3.9,1.3,0.4,0.2,0.6,1.9,6.3
7211,6985,1270,1,Alize Johnson,2018-19,2018,IND,14,0,4.6,0.25,0.5,0.214,0.5,1.4,0.1,0.1,0.2,0.0,0.5,0.9
7212,6999,1271,14,Amir Johnson,2018-19,2018,PHI,51,6,10.4,0.503,0.3,0.573,0.756,2.9,1.2,0.3,0.3,0.9,1.9,3.9
7213,7031,1275,1,B.J. Johnson,2018-19,2018,TOT,7,0,7.0,0.5,0.429,0.545,1.0,1.1,0.0,0.3,0.0,0.3,0.6,3.3
7214,7101,1292,10,James Johnson,2018-19,2018,MIA,55,33,21.2,0.433,0.336,0.496,0.714,3.2,2.5,0.6,0.5,1.3,2.1,7.8
7215,7176,1305,4,Stanley Johnson,2018-19,2018,TOT,66,7,18.3,0.389,0.288,0.484,0.781,3.3,1.3,0.9,0.2,1.2,1.7,6.9
7216,7195,1309,5,Tyler Johnson,2018-19,2018,TOT,57,22,26.8,0.413,0.346,0.477,0.748,3.0,2.9,0.9,0.5,1.4,1.7,10.9
7217,7217,1311,9,Wesley Johnson,2018-19,2018,TOT,38,13,14.1,0.352,0.329,0.385,0.684,1.9,0.6,0.4,0.3,0.5,1.7,3.4
7225,7225,1315,4,Nikola Jokic,2018-19,2018,DEN,80,80,31.3,0.511,0.307,0.569,0.821,10.8,7.3,1.4,0.7,3.1,2.9,20.1
7386,7267,1322,3,Damian Jones,2018-19,2018,GSW,24,22,17.1,0.716,0.0,0.716,0.649,3.1,1.2,0.5,1.0,0.7,2.6,5.4
7387,7282,1325,3,Derrick Jones,2018-19,2018,MIA,60,14,19.2,0.494,0.308,0.567,0.607,4.0,0.6,0.8,0.7,0.7,2.1,7.0
7388,7324,1334,2,Jalen Jones,2018-19,2018,CLE,16,0,13.4,0.419,0.357,0.471,0.704,2.1,0.4,0.6,0.1,0.5,1.7,5.1
7389,7339,1336,1,Jemerrio Jones,2018-19,2018,LAL,6,2,23.8,0.364,0.2,0.435,0.5,8.2,2.2,1.2,0.8,0.8,1.7,4.5
7390,7387,1346,6,Terrence Jones,2018-19,2018,HOU,2,0,2.5,0.25,0.0,0.5,0.0,2.0,0.0,0.0,0.0,0.5,0.5,1.0
7391,7391,1347,4,Tyus Jones,2018-19,2018,MIN,68,23,22.9,0.415,0.317,0.453,0.841,2.0,4.8,1.2,0.1,0.7,1.1,6.9
7429,7404,1349,11,DeAndre Jordan,2018-19,2018,TOT,69,69,29.7,0.641,0.0,0.641,0.705,13.1,2.3,0.6,1.1,2.2,2.4,11.0
7440,7437,1355,8,Cory Joseph,2018-19,2018,IND,82,9,25.2,0.412,0.322,0.454,0.698,3.4,3.9,1.1,0.3,1.0,1.6,6.5
7459,7459,1361,4,Frank Kaminsky,2018-19,2018,CHO,47,0,16.1,0.463,0.36,0.553,0.738,3.5,1.3,0.3,0.3,0.9,1.4,8.6
7467,7467,1362,8,Enes Kanter,2018-19,2018,TOT,67,31,24.5,0.549,0.294,0.562,0.787,9.8,1.7,0.5,0.4,1.8,2.5,13.7
7535,7535,1376,2,Luke Kennard,2018-19,2018,DET,63,10,22.8,0.438,0.394,0.486,0.836,2.9,1.8,0.4,0.2,0.9,1.5,9.7
7611,7611,1387,7,Michael Kidd-Gilchrist,2018-19,2018,CHO,64,3,18.4,0.476,0.34,0.498,0.772,3.8,1.0,0.5,0.6,0.7,2.4,6.7
7661,7638,1397,1,George King,2018-19,2018,PHO,1,0,6.0,0.0,0.0,0.0,0.0,1.0,0.0,0.0,0.0,0.0,0.0,0.0
7701,7701,1409,2,Maxi Kleber,2018-19,2018,DAL,71,18,21.2,0.453,0.353,0.583,0.784,4.6,1.0,0.5,1.1,0.8,2.0,6.8
7756,7731,1413,7,Brandon Knight,2018-19,2018,TOT,39,26,18.9,0.381,0.318,0.443,0.794,1.5,1.8,0.5,0.1,0.8,1.6,6.8
7757,7757,1417,1,Kevin Knox,2018-19,2018,NYK,75,57,28.8,0.37,0.343,0.387,0.717,4.5,1.1,0.6,0.3,1.5,2.3,12.8
7778,7778,1421,2,Furkan Korkmaz,2018-19,2018,PHI,48,7,14.1,0.4,0.326,0.505,0.818,2.2,1.1,0.6,0.0,0.5,1.3,5.8
7782,7782,1423,2,Luke Kornet,2018-19,2018,NYK,46,18,17.0,0.378,0.363,0.411,0.826,2.9,1.2,0.6,0.9,0.5,0.9,7.0
7800,7800,1425,16,Kyle Korver,2018-19,2018,TOT,70,0,19.1,0.416,0.397,0.467,0.822,2.3,1.2,0.4,0.2,0.8,1.5,8.6
7811,7811,1426,11,Kosta Koufos,2018-19,2018,SAC,42,1,12.0,0.477,0.0,0.477,0.417,4.2,0.9,0.4,0.4,0.6,1.6,3.7
7846,7846,1434,1,Rodions Kurucs,2018-19,2018,BRK,63,46,20.5,0.45,0.315,0.543,0.783,3.9,0.8,0.7,0.4,1.2,2.3,8.5
7850,7850,1437,2,Kyle Kuzma,2018-19,2018,LAL,70,68,33.1,0.456,0.303,0.553,0.752,5.5,2.5,0.6,0.4,1.9,2.4,18.7
7857,7857,1441,2,Skal Labissiere,2018-19,2018,TOT,22,1,8.0,0.531,0.462,0.556,0.529,2.0,0.5,0.2,0.3,0.5,1.3,3.0
7904,7904,1447,7,Jeremy Lamb,2018-19,2018,CHO,79,55,28.5,0.44,0.348,0.487,0.888,5.5,2.2,1.1,0.4,1.0,1.8,15.3
7980,7980,1467,5,Zach LaVine,2018-19,2018,CHI,63,62,34.5,0.467,0.374,0.504,0.832,4.7,4.5,1.0,0.4,3.4,2.2,23.7
7998,7998,1473,3,Jake Layman,2018-19,2018,POR,71,33,18.7,0.509,0.326,0.646,0.704,3.1,0.7,0.4,0.4,0.6,1.6,7.6
8000,8000,1474,2,T.J. Leaf,2018-19,2018,IND,58,1,9.0,0.541,0.258,0.599,0.613,2.2,0.4,0.2,0.3,0.2,0.6,3.9
8056,8032,1479,11,Courtney Lee,2018-19,2018,TOT,34,6,12.6,0.411,0.291,0.5,0.667,1.6,1.1,0.6,0.1,0.4,0.9,4.0
8057,8034,1480,2,Damion Lee,2018-19,2018,GSW,32,0,11.7,0.441,0.397,0.492,0.864,2.0,0.4,0.4,0.0,0.3,0.9,4.9
8069,8069,1488,2,Walt Lemon,2018-19,2018,CHI,6,3,27.8,0.437,0.4,0.439,0.727,4.5,5.0,1.8,0.2,1.7,2.3,14.3
8075,8075,1489,6,Alex Len,2018-19,2018,ATL,77,31,20.1,0.494,0.363,0.554,0.648,5.5,1.1,0.4,0.9,1.3,2.6,11.1
8103,8097,1492,8,Kawhi Leonard,2018-19,2018,TOR,60,60,34.0,0.496,0.371,0.542,0.854,7.3,3.3,1.8,0.4,2.0,1.5,26.6
8104,8104,1493,7,Meyers Leonard,2018-19,2018,POR,61,2,14.4,0.545,0.45,0.626,0.843,3.8,1.2,0.2,0.1,0.7,1.7,5.9
8128,8128,1498,8,Jon Leuer,2018-19,2018,DET,41,1,9.8,0.584,0.091,0.637,0.742,2.4,0.3,0.3,0.1,0.6,1.5,3.8
8142,8142,1500,3,Caris LeVert,2018-19,2018,BRK,40,25,26.6,0.429,0.312,0.483,0.691,3.8,3.9,1.1,0.4,1.7,1.9,13.7
8206,8206,1511,7,Damian Lillard,2018-19,2018,POR,80,80,35.5,0.444,0.369,0.499,0.912,4.6,6.9,1.1,0.4,2.7,1.9,25.8
8215,8215,1512,9,Jeremy Lin,2018-19,2018,TOT,74,4,19.4,0.44,0.294,0.517,0.838,2.4,3.1,0.6,0.2,1.7,1.9,9.6
8258,8258,1516,14,Shaun Livingston,2018-19,2018,GSW,64,0,15.1,0.519,0.0,0.524,0.784,1.8,1.8,0.5,0.4,0.6,1.2,4.0
8272,8272,1522,1,Zach Lofton,2018-19,2018,DET,1,0,4.0,0.0,0.0,0.0,0.0,0.0,0.0,1.0,0.0,1.0,0.0,0.0
8316,8316,1528,4,Kevon Looney,2018-19,2018,GSW,80,24,18.5,0.625,0.1,0.641,0.619,5.2,1.5,0.6,0.7,0.6,2.6,6.3
8343,8327,1529,11,Brook Lopez,2018-19,2018,MIL,81,81,28.7,0.452,0.365,0.613,0.842,4.9,1.2,0.6,2.2,1.0,2.3,12.5
8344,8344,1532,11,Robin Lopez,2018-19,2018,CHI,74,36,21.7,0.568,0.226,0.589,0.724,3.9,1.2,0.1,1.1,1.3,1.7,9.5
8356,8356,1534,11,Kevin Love,2018-19,2018,CLE,22,21,27.2,0.385,0.361,0.412,0.904,10.9,2.2,0.3,0.2,1.9,2.5,17.0
8373,8373,1536,13,Kyle Lowry,2018-19,2018,TOR,65,65,34.0,0.411,0.347,0.514,0.83,4.8,8.7,1.4,0.5,2.8,2.6,14.2
8374,8374,1537,1,Jordan Loyd,2018-19,2018,TOR,12,0,4.6,0.444,0.5,0.4,0.818,0.8,0.5,0.0,0.0,0.2,0.4,2.4
8376,8376,1538,2,Kalin Lucas,2018-19,2018,DET,1,0,6.0,0.0,0.0,0.0,1.0,3.0,1.0,0.0,0.0,0.0,1.0,2.0
8390,8390,1541,2,Timothe Luwawu-Cabarrot,2018-19,2018,TOT,50,7,13.4,0.376,0.31,0.451,0.756,1.9,0.5,0.4,0.2,0.4,1.5,4.6
8392,8392,1542,2,Tyler Lydon,2018-19,2018,DEN,25,0,3.8,0.5,0.4,0.625,0.333,0.7,0.2,0.1,0.0,0.2,0.4,0.9
8396,8396,1543,4,Trey Lyles,2018-19,2018,DEN,64,2,17.5,0.418,0.255,0.529,0.698,3.8,1.4,0.5,0.4,1.1,1.5,8.5
8416,8416,1547,2,Scott Machado,2018-19,2018,LAL,4,0,4.8,0.667,1.0,0.6,1.0,0.0,0.8,0.3,0.0,0.0,0.5,2.5
8435,8435,1551,8,Shelvin Mack,2018-19,2018,TOT,57,3,21.9,0.404,0.354,0.429,0.69,1.8,3.2,0.8,0.1,1.2,1.5,7.5
8456,8450,1556,1,Daryl Macon,2018-19,2018,DAL,8,0,11.3,0.37,0.455,0.313,0.571,1.5,0.9,0.1,0.0,0.8,1.0,3.6
8457,8457,1558,1,J.P. Macura,2018-19,2018,CHO,2,0,8.5,0.333,0.0,0.6,0.0,1.5,1.0,0.0,0.0,0.0,0.0,3.0
8516,8516,1567,11,Ian Mahinmi,2018-19,2018,WAS,34,6,14.6,0.452,0.188,0.5,0.689,3.8,0.7,0.7,0.5,0.6,2.5,4.1
8552,8552,1571,3,Thon Maker,2018-19,2018,TOT,64,5,15.2,0.407,0.32,0.522,0.667,3.2,0.7,0.3,0.8,0.5,1.6,5.0
8658,8658,1584,4,Boban Marjanovic,2018-19,2018,TOT,58,12,11.7,0.615,0.4,0.624,0.748,4.6,0.9,0.3,0.5,1.0,1.6,7.3
8660,8660,1585,2,Lauri Markkanen,2018-19,2018,CHI,52,51,32.3,0.43,0.361,0.479,0.872,9.0,1.4,0.7,0.6,1.6,2.3,18.7
8762,8731,1599,4,Jarell Martin,2018-19,2018,ORL,42,1,7.8,0.413,0.351,0.489,0.818,1.7,0.4,0.1,0.2,0.3,1.2,2.7
8808,8798,1607,2,Frank Mason,2018-19,2018,SAC,38,0,11.4,0.42,0.219,0.543,0.684,1.1,2.2,0.4,0.1,0.9,0.9,5.1
8822,8822,1610,1,Yante Maten,2018-19,2018,MIA,2,0,6.5,0.25,0.0,0.333,0.0,1.5,0.0,0.5,0.0,0.0,0.0,1.0
8842,8842,1613,10,Wesley Matthews,2018-19,2018,TOT,69,68,30.3,0.4,0.372,0.437,0.81,2.5,2.3,0.8,0.2,1.3,2.3,12.2
8901,8901,1625,1,Tahjere McCall,2018-19,2018,BRK,1,0,8.0,0.667,0.0,1.0,0.0,1.0,0.0,0.0,0.0,0.0,2.0,4.0
8932,8932,1633,3,Patrick McCaw,2018-19,2018,TOT,29,1,13.7,0.413,0.321,0.486,0.867,1.7,1.0,0.8,0.1,0.6,1.3,2.6
8953,8953,1639,2,C.J. McCollum,2018-19,2018,POR,70,70,33.9,0.459,0.375,0.506,0.828,4.0,3.0,0.8,0.4,1.5,2.5,21.0
8957,8957,1640,4,T.J. McConnell,2018-19,2018,PHI,76,3,19.3,0.525,0.333,0.546,0.784,2.3,3.4,1.0,0.2,1.2,1.4,6.4
9014,9014,1653,5,Doug McDermott,2018-19,2018,IND,77,1,17.4,0.491,0.408,0.569,0.835,1.4,0.9,0.2,0.1,0.5,1.4,7.3
9063,9054,1660,11,JaVale McGee,2018-19,2018,LAL,75,62,22.3,0.624,0.083,0.634,0.632,7.5,0.7,0.6,2.0,1.4,2.8,12.0
9081,9081,1663,3,Rodney McGruder,2018-19,2018,MIA,66,45,23.5,0.403,0.351,0.453,0.722,3.6,1.7,0.5,0.2,1.0,1.7,7.6
9158,9158,1674,2,Alfonzo McKinnie,2018-19,2018,GSW,72,5,13.9,0.487,0.356,0.586,0.563,3.4,0.4,0.3,0.2,0.4,1.9,4.7
9164,9164,1675,6,Ben McLemore,2018-19,2018,SAC,19,0,8.3,0.391,0.415,0.348,0.667,0.9,0.2,0.3,0.2,0.3,1.2,3.9
9200,9200,1684,3,Jordan McRae,2018-19,2018,WAS,27,0,12.3,0.469,0.286,0.537,0.8,1.5,1.1,0.5,0.3,0.6,1.0,5.9
9230,9230,1688,10,Jodie Meeks,2018-19,2018,TOR,8,0,13.0,0.538,0.444,0.619,1.0,1.5,1.0,0.1,0.1,0.3,0.6,6.4
9236,9236,1690,4,Salah Mejri,2018-19,2018,DAL,36,4,11.1,0.491,0.324,0.564,0.625,3.6,1.0,0.3,0.7,0.6,1.5,3.9
9240,9240,1693,1,De'Anthony Melton,2018-19,2018,PHO,50,31,19.7,0.391,0.305,0.441,0.75,2.7,3.2,1.4,0.5,1.5,2.3,5.0
9253,9253,1696,1,Chimezie Metu,2018-19,2018,SAS,29,0,5.0,0.328,0.0,0.339,0.765,1.2,0.4,0.2,0.1,0.5,0.5,1.8
9268,9268,1700,7,Khris Middleton,2018-19,2018,MIL,77,77,31.1,0.441,0.378,0.485,0.837,6.0,4.3,1.0,0.1,2.3,2.2,18.3
9298,9291,1703,14,C.J. Miles,2018-19,2018,TOT,53,1,16.2,0.36,0.33,0.417,0.828,1.8,0.7,0.5,0.3,0.6,1.5,6.4
9404,9355,1711,5,Darius Miller,2018-19,2018,NOP,69,15,25.5,0.39,0.365,0.467,0.789,1.9,2.1,0.6,0.3,0.9,2.4,8.2
9405,9358,1713,2,Malcolm Miller,2018-19,2018,TOR,10,0,6.7,0.423,0.476,0.2,0.75,0.5,0.1,0.1,0.1,0.1,0.5,3.5
9436,9425,1719,10,Patty Mills,2018-19,2018,SAS,82,1,23.3,0.425,0.394,0.475,0.854,2.2,3.0,0.6,0.1,1.1,1.6,9.9
9451,9451,1722,13,Paul Millsap,2018-19,2018,DEN,70,65,27.1,0.484,0.365,0.522,0.727,7.2,2.0,1.2,0.8,1.4,2.6,12.6
9452,9452,1723,1,Shake Milton,2018-19,2018,PHI,20,0,13.4,0.391,0.318,0.465,0.714,1.8,0.9,0.4,0.4,0.3,1.5,4.4
9477,9477,1728,5,Nikola Mirotic,2018-19,2018,TOT,46,25,27.1,0.439,0.365,0.545,0.847,7.4,1.2,0.7,0.7,1.0,2.3,15.2
9496,9480,1730,2,Donovan Mitchell,2018-19,2018,UTA,77,77,33.7,0.432,0.362,0.468,0.806,4.1,4.2,1.4,0.4,2.8,2.7,23.8
9498,9498,1734,2,Naz Mitrou-Long,2018-19,2018,UTA,14,0,6.0,0.3,0.182,0.444,1.0,0.4,1.1,0.1,0.1,0.6,0.7,1.1
9561,9561,1742,2,Malik Monk,2018-19,2018,CHO,73,0,17.2,0.387,0.33,0.461,0.882,1.9,1.6,0.5,0.3,1.2,1.5,8.9
9571,9570,1743,9,Greg Monroe,2018-19,2018,TOT,43,2,11.2,0.487,0.2,0.495,0.625,4.0,0.6,0.3,0.2,0.7,1.5,5.3
9627,9596,1750,8,E'Twaun Moore,2018-19,2018,NOP,53,36,27.6,0.481,0.432,0.506,0.763,2.4,1.9,0.8,0.2,1.1,2.1,11.9
9631,9631,1756,4,Eric Moreland,2018-19,2018,TOT,5,0,8.6,0.429,1.0,0.333,0.0,4.0,0.8,0.2,0.2,1.0,1.8,1.4
9673,9651,1762,2,Jaylen Morris,2018-19,2018,MIL,4,0,7.3,0.4,0.333,0.429,0.5,1.3,1.0,0.5,0.0,0.3,0.3,2.5
9674,9659,1763,8,Marcus Morris,2018-19,2018,BOS,75,53,27.9,0.447,0.375,0.508,0.844,6.1,1.5,0.6,0.3,1.2,2.4,13.9
9675,9667,1764,8,Markieff Morris,2018-19,2018,TOT,58,16,21.9,0.421,0.335,0.484,0.772,4.6,1.4,0.6,0.4,0.9,3.0,9.4
9676,9669,1765,2,Monte Morris,2018-19,2018,DEN,82,6,24.0,0.493,0.414,0.531,0.802,2.4,3.6,0.9,0.0,0.6,1.2,10.4
9705,9705,1776,6,Donatas Motiejunas,2018-19,2018,SAS,3,0,4.3,0.5,0.0,0.5,0.0,1.0,0.3,0.0,0.3,1.0,2.0,2.0
9707,9707,1777,2,Johnathan Motley,2018-19,2018,LAC,22,0,7.1,0.534,0.0,0.557,0.6,2.3,0.5,0.2,0.1,0.7,1.2,4.6
9737,9737,1781,11,Luc Mbah a Moute,2018-19,2018,LAC,4,0,15.3,0.444,0.333,0.5,0.4,1.8,0.5,0.3,0.3,0.5,2.0,5.0
9749,9749,1783,4,Emmanuel Mudiay,2018-19,2018,NYK,59,42,27.2,0.446,0.329,0.492,0.774,3.3,3.9,0.7,0.3,2.4,1.7,14.8
9854,9823,1799,3,Jamal Murray,2018-19,2018,DEN,75,74,32.6,0.437,0.367,0.476,0.848,4.2,4.8,0.9,0.4,2.1,2.0,18.2
9857,9857,1804,1,Dzanan Musa,2018-19,2018,BRK,9,0,4.3,0.409,0.1,0.667,0.0,0.6,0.2,0.2,0.0,0.4,0.1,2.1
9863,9863,1805,6,Mike Muscala,2018-19,2018,TOT,64,10,20.4,0.402,0.348,0.533,0.824,3.8,1.2,0.3,0.6,0.8,2.0,7.0
9897,9897,1810,1,Svi Mykhailiuk,2018-19,2018,TOT,42,0,10.5,0.329,0.326,0.333,0.6,0.9,0.9,0.3,0.0,0.5,0.6,3.2
9905,9905,1812,2,Abdel Nader,2018-19,2018,OKC,61,1,11.4,0.423,0.32,0.513,0.75,1.9,0.3,0.3,0.2,0.4,1.1,4.0
9938,9938,1815,15,Larry Nance,2018-19,2018,CLE,67,30,26.8,0.52,0.337,0.567,0.716,8.2,3.2,1.5,0.6,1.4,2.9,9.4
9943,9943,1816,5,Shabazz Napier,2018-19,2018,BRK,56,2,17.6,0.389,0.333,0.449,0.833,1.8,2.6,0.7,0.3,1.2,1.2,9.4
10057,10057,1838,4,Raul Neto,2018-19,2018,UTA,37,1,12.8,0.46,0.333,0.535,0.848,1.7,2.5,0.4,0.1,0.9,1.3,5.3
10097,10097,1844,3,Georges Niang,2018-19,2018,UTA,59,0,8.7,0.475,0.41,0.566,0.833,1.5,0.6,0.2,0.1,0.4,1.0,4.0
10130,10130,1852,12,Joakim Noah,2018-19,2018,MEM,42,1,16.5,0.516,0.0,0.519,0.716,5.7,2.1,0.5,0.7,1.2,2.3,7.1
10144,10144,1855,5,Nerlens Noel,2018-19,2018,OKC,77,2,13.7,0.587,0.0,0.587,0.684,4.2,0.6,0.9,1.2,0.6,2.2,4.9
10204,10204,1863,21,Dirk Nowitzki,2018-19,2018,DAL,51,20,15.6,0.359,0.312,0.415,0.78,3.1,0.7,0.2,0.4,0.4,1.5,7.3
10206,10206,1864,2,Frank Ntilikina,2018-19,2018,NYK,43,16,21.0,0.337,0.287,0.371,0.767,2.0,2.8,0.7,0.3,1.3,2.4,5.7
10208,10208,1865,2,James Nunnally,2018-19,2018,TOT,15,0,6.8,0.353,0.32,0.444,1.0,0.3,0.5,0.1,0.0,0.1,0.7,2.4
10213,10213,1866,5,Jusuf Nurkic,2018-19,2018,POR,72,72,27.4,0.508,0.103,0.523,0.773,10.4,3.2,1.0,1.4,2.3,3.5,15.6
10217,10217,1868,3,David Nwaba,2018-19,2018,CLE,51,14,19.3,0.481,0.32,0.545,0.682,3.2,1.1,0.7,0.3,0.6,2.1,6.5
10280,10280,1882,2,Semi Ojeleye,2018-19,2018,BOS,56,3,10.6,0.424,0.315,0.565,0.615,1.5,0.4,0.2,0.1,0.3,0.8,3.3
10294,10294,1884,4,Jahlil Okafor,2018-19,2018,NOP,59,24,15.8,0.586,0.2,0.591,0.663,4.7,0.7,0.3,0.7,0.9,1.6,8.2
10295,10295,1885,1,Elie Okobo,2018-19,2018,PHO,53,16,18.1,0.393,0.295,0.475,0.787,1.8,2.4,0.6,0.1,1.3,2.1,5.7
10296,10296,1886,1,Josh Okogie,2018-19,2018,MIN,74,52,23.7,0.386,0.279,0.464,0.728,2.9,1.2,1.2,0.4,0.9,2.2,7.7
10320,10320,1889,6,Victor Oladipo,2018-19,2018,IND,36,36,31.9,0.423,0.343,0.47,0.73,5.6,5.2,1.7,0.3,2.3,2.0,18.8
10387,10387,1897,6,Kelly Olynyk,2018-19,2018,MIA,79,36,22.9,0.463,0.354,0.604,0.822,4.7,1.8,0.7,0.5,1.4,2.3,10.0
10426,10426,1900,2,Royce O'Neale,2018-19,2018,UTA,82,16,20.4,0.475,0.386,0.569,0.762,3.5,1.5,0.7,0.3,0.9,2.1,5.2
10438,10438,1903,7,Kyle O'Quinn,2018-19,2018,IND,45,3,8.2,0.507,0.083,0.548,0.81,2.6,1.2,0.2,0.6,0.7,1.5,3.5
10453,10453,1907,2,Cedi Osman,2018-19,2018,CLE,76,75,32.2,0.427,0.348,0.489,0.779,4.7,2.6,0.8,0.1,1.5,2.6,13.0
10473,10473,1911,4,Kelly Oubre,2018-19,2018,TOT,69,19,28.0,0.445,0.32,0.53,0.775,4.7,1.2,1.2,0.9,1.5,2.6,15.2
10546,10546,1922,16,Zaza Pachulia,2018-19,2018,DET,68,3,12.9,0.44,0.0,0.45,0.782,3.9,1.3,0.5,0.3,0.8,2.2,3.9
10634,10612,1935,5,Jabari Parker,2018-19,2018,TOT,64,17,26.9,0.493,0.313,0.556,0.712,6.6,2.4,0.7,0.5,2.4,2.3,14.5
10635,10635,1937,18,Tony Parker,2018-19,2018,CHO,56,0,17.9,0.46,0.255,0.485,0.734,1.5,3.7,0.4,0.1,1.3,0.9,9.5
10652,10652,1939,8,Chandler Parsons,2018-19,2018,MEM,25,3,19.8,0.374,0.309,0.443,0.88,2.8,1.7,0.8,0.2,1.3,1.8,7.5
10677,10667,1944,9,Patrick Patterson,2018-19,2018,OKC,63,5,13.7,0.374,0.336,0.439,0.633,2.3,0.5,0.3,0.2,0.3,0.7,3.6
10679,10679,1946,2,Justin Patton,2018-19,2018,PHI,3,0,7.0,0.286,0.0,0.4,0.5,2.0,1.0,0.7,0.0,0.0,1.7,1.7
10694,10694,1948,14,Chris Paul,2018-19,2018,HOU,58,58,32.0,0.419,0.358,0.479,0.862,4.6,8.2,2.0,0.3,2.6,2.5,15.6
10727,10723,1952,4,Cameron Payne,2018-19,2018,TOT,40,13,17.8,0.43,0.298,0.511,0.805,1.8,2.7,0.7,0.2,1.1,1.6,6.3
10751,10732,1954,5,Elfrid Payton,2018-19,2018,NOP,42,42,29.8,0.434,0.314,0.476,0.743,5.2,7.6,1.0,0.4,2.7,1.9,10.6
10752,10752,1955,20,Gary Payton,2018-19,2018,WAS,3,0,5.3,0.625,0.5,0.667,0.0,0.7,1.3,1.0,0.3,0.3,0.7,3.7
11013,11013,1992,1,Theo Pinson,2018-19,2018,BRK,18,0,11.7,0.342,0.261,0.481,0.864,2.0,1.2,0.3,0.0,1.0,0.8,4.5
11057,11051,2000,6,Mason Plumlee,2018-19,2018,DEN,82,17,21.1,0.593,0.2,0.602,0.561,6.4,3.0,0.8,0.9,1.5,3.1,7.8
11058,11058,2001,7,Miles Plumlee,2018-19,2018,ATL,18,0,9.6,0.667,0.0,0.667,0.533,2.2,0.9,0.3,0.2,0.6,0.8,4.4
11077,11077,2007,2,Jakob Poltl,2018-19,2018,SAS,77,24,16.5,0.645,0.0,0.645,0.533,5.3,1.2,0.4,0.9,0.6,1.6,5.5
11099,11099,2009,7,Quincy Pondexter,2018-19,2018,SAS,53,0,5.5,0.5,0.333,0.575,0.81,0.9,0.5,0.2,0.0,0.2,0.5,1.8
11134,11117,2014,6,Otto Porter,2018-19,2018,TOT,56,43,30.1,0.465,0.406,0.504,0.813,5.6,2.1,1.5,0.6,1.2,1.9,13.9
11138,11138,2016,4,Bobby Portis,2018-19,2018,TOT,50,28,26.0,0.444,0.393,0.467,0.794,8.1,1.4,0.7,0.4,1.5,2.9,14.2
11189,11177,2022,5,Dwight Powell,2018-19,2018,DAL,77,22,21.6,0.597,0.307,0.699,0.772,5.3,1.5,0.6,0.6,0.9,2.6,10.6
11190,11189,2025,4,Norman Powell,2018-19,2018,TOR,60,3,18.8,0.483,0.4,0.543,0.827,2.3,1.5,0.7,0.2,1.1,1.6,8.6
11193,11193,2027,3,Alex Poythress,2018-19,2018,ATL,21,1,14.5,0.494,0.391,0.534,0.621,3.6,0.8,0.2,0.5,0.6,2.2,5.1
11298,11298,2046,2,Zhou Qi,2018-19,2018,HOU,1,0,1.0,1.0,0.0,1.0,0.0,0.0,0.0,0.0,0.0,0.0,0.0,2.0
11311,11311,2050,2,Ivan Rabb,2018-19,2018,MEM,49,13,14.7,0.547,0.2,0.574,0.71,4.2,1.1,0.3,0.3,0.7,1.8,5.8
11361,11357,2061,2,Chasson Randle,2018-19,2018,WAS,49,2,15.2,0.419,0.4,0.441,0.694,1.1,2.0,0.5,0.1,0.9,1.9,5.5
11362,11362,2062,5,Julius Randle,2018-19,2018,NOP,73,49,30.6,0.524,0.344,0.564,0.731,8.7,3.1,0.7,0.6,2.8,3.4,21.4
11470,11470,2078,13,J.J. Redick,2018-19,2018,PHI,76,63,31.3,0.44,0.397,0.502,0.894,2.4,2.7,0.4,0.2,1.3,1.7,18.1
11478,11472,2079,2,Davon Reed,2018-19,2018,IND,10,0,4.7,0.417,0.5,0.375,0.0,0.6,0.3,0.1,0.0,0.1,0.3,1.2
11529,11521,2093,1,Cameron Reynolds,2018-19,2018,MIN,19,0,13.6,0.423,0.412,0.444,0.889,1.6,0.7,0.3,0.1,0.3,1.4,5.0
11605,11579,2101,4,Josh Richardson,2018-19,2018,MIA,73,73,34.8,0.412,0.357,0.458,0.861,3.6,4.1,1.1,0.5,1.5,2.7,16.6
11606,11582,2102,3,Malachi Richardson,2018-19,2018,TOR,22,0,4.7,0.31,0.32,0.25,0.8,0.6,0.0,0.0,0.0,0.4,0.6,1.4
11671,11655,2112,7,Austin Rivers,2018-19,2018,TOT,76,15,26.7,0.406,0.318,0.522,0.526,2.1,2.2,0.6,0.3,0.9,2.7,8.1
11828,11769,2129,2,Devin Robinson,2018-19,2018,WAS,7,0,13.6,0.594,0.0,0.633,0.643,2.9,0.9,0.6,0.9,0.3,1.6,6.7
11829,11770,2130,1,Duncan Robinson,2018-19,2018,MIA,15,1,10.7,0.391,0.286,0.727,0.667,1.3,0.3,0.3,0.0,0.3,0.7,3.3
11830,11791,2132,16,Glenn Robinson,2018-19,2018,DET,47,18,13.0,0.42,0.29,0.491,0.8,1.5,0.4,0.3,0.2,0.4,1.0,4.2
11831,11800,2135,1,Jerome Robinson,2018-19,2018,LAC,33,0,9.7,0.4,0.316,0.491,0.667,1.2,0.6,0.3,0.1,0.4,1.4,3.4
11832,11808,2137,1,Mitchell Robinson,2018-19,2018,NYK,66,19,20.6,0.694,0.0,0.694,0.6,6.4,0.6,0.8,2.4,0.5,3.3,7.3
11896,11896,2151,13,Rajon Rondo,2018-19,2018,LAL,46,29,29.8,0.405,0.359,0.428,0.639,5.3,8.0,1.2,0.2,2.8,2.2,9.2
11945,11918,2153,10,Derrick Rose,2018-19,2018,MIN,51,13,27.3,0.482,0.37,0.509,0.856,2.7,4.3,0.6,0.2,1.6,1.1,18.0
11959,11959,2158,7,Terrence Ross,2018-19,2018,ORL,81,0,26.5,0.428,0.383,0.484,0.875,3.5,1.7,0.9,0.4,1.1,1.5,15.1
11992,11992,2168,4,Terry Rozier,2018-19,2018,BOS,79,14,22.7,0.387,0.353,0.422,0.785,3.9,2.9,0.9,0.3,0.9,1.3,9.0
12000,12000,2169,8,Ricky Rubio,2018-19,2018,UTA,68,67,27.9,0.404,0.311,0.454,0.855,3.6,6.1,1.3,0.1,2.6,2.6,12.7
12068,12061,2180,4,D'Angelo Russell,2018-19,2018,BRK,81,81,30.2,0.434,0.369,0.482,0.78,3.9,7.0,1.2,0.2,3.1,1.7,21.1
12078,12078,2183,3,Domantas Sabonis,2018-19,2018,IND,74,5,24.8,0.59,0.529,0.592,0.715,9.3,2.9,0.6,0.4,2.2,3.2,14.1
12130,12113,2190,1,Brandon Sampson,2018-19,2018,CHI,14,2,15.3,0.467,0.379,0.548,0.667,1.1,0.7,0.6,0.2,0.9,1.4,5.1
12131,12117,2191,4,JaKarr Sampson,2018-19,2018,CHI,4,0,31.8,0.537,0.357,0.6,0.81,8.0,1.0,1.0,0.8,1.0,2.0,20.0
12166,12166,2203,2,Dario Saric,2018-19,2018,TOT,81,41,25.0,0.437,0.365,0.499,0.88,5.6,1.6,0.6,0.1,1.2,2.2,10.6
12173,12173,2207,2,Tomas Satoransky,2018-19,2018,WAS,80,54,27.1,0.485,0.395,0.524,0.819,3.5,5.0,1.0,0.2,1.5,2.2,8.9
12253,12253,2221,2,Dennis Schroder,2018-19,2018,OKC,79,14,29.3,0.414,0.341,0.45,0.819,3.6,4.1,0.8,0.2,2.2,2.4,15.5
12302,12298,2228,7,Mike Scott,2018-19,2018,TOT,79,3,17.7,0.4,0.401,0.399,0.667,3.5,0.8,0.3,0.2,0.6,2.0,5.8
12327,12327,2233,13,Thabo Sefolosha,2018-19,2018,UTA,50,2,12.2,0.477,0.436,0.521,0.636,2.5,0.5,0.9,0.1,0.5,0.8,3.8
12343,12343,2236,3,Wayne Selden,2018-19,2018,TOT,75,13,19.2,0.406,0.316,0.456,0.728,2.4,1.5,0.4,0.2,1.1,1.7,6.9
12378,12378,2244,1,Collin Sexton,2018-19,2018,CLE,82,72,31.8,0.43,0.402,0.44,0.839,2.9,3.0,0.5,0.1,2.3,2.3,16.7
12387,12387,2247,1,Landry Shamet,2018-19,2018,TOT,79,27,22.8,0.431,0.422,0.453,0.806,1.7,1.5,0.5,0.1,0.6,2.0,9.1
12425,12425,2259,8,Iman Shumpert,2018-19,2018,TOT,62,41,23.9,0.374,0.348,0.416,0.8,3.0,1.8,1.0,0.4,0.8,2.0,7.5
12431,12431,2261,3,Pascal Siakam,2018-19,2018,TOR,80,79,31.9,0.549,0.369,0.602,0.785,6.9,3.1,0.9,0.7,1.9,3.0,16.9
12432,12432,2262,1,Jordan Sibert,2018-19,2018,ATL,1,0,4.0,1.0,1.0,0.0,0.0,0.0,0.0,0.0,0.0,0.0,0.0,3.0
12473,12449,2267,2,Ben Simmons,2018-19,2018,PHI,79,79,34.2,0.563,0.0,0.566,0.6,8.8,7.7,1.4,0.8,3.5,2.6,16.9
12474,12466,2270,4,Jonathon Simmons,2018-19,2018,TOT,56,9,19.0,0.38,0.269,0.427,0.742,2.3,2.3,0.5,0.3,1.2,1.6,6.5
12475,12468,2271,2,Kobi Simmons,2018-19,2018,CLE,1,0,2.0,0.0,0.0,0.0,0.0,0.0,0.0,0.0,0.0,0.0,0.0,0.0
12477,12477,2274,1,Anfernee Simons,2018-19,2018,POR,20,1,7.1,0.444,0.345,0.529,0.563,0.7,0.7,0.1,0.0,0.6,0.5,3.8
12558,12558,2295,5,Marcus Smart,2018-19,2018,BOS,80,60,27.5,0.422,0.364,0.511,0.806,2.9,4.0,1.8,0.4,1.5,2.5,8.9
12752,12589,2300,2,Dennis Smith,2018-19,2018,TOT,53,50,28.5,0.428,0.322,0.477,0.635,2.9,4.8,1.3,0.4,2.9,2.4,13.6
12753,12614,2304,9,Ish Smith,2018-19,2018,DET,56,0,22.3,0.419,0.326,0.455,0.758,2.6,3.6,0.5,0.2,1.1,1.9,8.9
12754,12629,2305,15,J.R. Smith,2018-19,2018,CLE,11,4,20.2,0.342,0.308,0.375,0.8,1.6,1.9,1.0,0.3,1.0,1.7,6.7
12755,12644,2307,11,Jason Smith,2018-19,2018,TOT,20,1,9.5,0.356,0.346,0.364,0.875,2.6,0.7,0.2,0.4,0.7,1.5,3.3
12756,12756,2328,1,Zhaire Smith,2018-19,2018,PHI,6,2,18.5,0.412,0.375,0.444,0.75,2.2,1.7,0.3,0.3,1.0,1.3,6.7
12781,12781,2331,6,Tony Snell,2018-19,2018,MIL,74,12,17.6,0.452,0.397,0.522,0.881,2.1,0.9,0.4,0.2,0.3,1.2,6.0
12813,12813,2338,1,Ray Spalding,2018-19,2018,TOT,14,3,10.6,0.532,0.0,0.568,0.333,3.4,0.4,0.6,0.6,0.6,1.6,3.9
12842,12842,2343,1,Omari Spellman,2018-19,2018,ATL,46,11,17.5,0.402,0.344,0.466,0.711,4.2,1.0,0.6,0.5,0.7,1.5,5.9
12927,12927,2354,5,Nik Stauskas,2018-19,2018,TOT,68,0,14.9,0.402,0.372,0.44,0.891,1.9,1.2,0.3,0.1,0.8,0.7,5.9
12941,12936,2357,2,D.J. Stephens,2018-19,2018,MEM,1,0,7.0,0.5,0.0,0.5,0.0,0.0,0.0,1.0,0.0,1.0,0.0,2.0
12950,12950,2360,9,Lance Stephenson,2018-19,2018,LAL,68,3,16.5,0.426,0.371,0.472,0.685,3.2,2.1,0.6,0.1,1.3,1.6,7.2
13154,13154,2395,2,Edmond Sumner,2018-19,2018,IND,23,2,9.1,0.344,0.259,0.405,0.625,1.0,0.4,0.5,0.2,0.4,1.1,2.9
13188,13188,2402,2,Caleb Swanigan,2018-19,2018,TOT,21,0,8.5,0.34,0.143,0.37,0.667,3.0,0.5,0.3,0.0,0.9,1.3,2.0
13236,13236,2416,2,Jayson Tatum,2018-19,2018,BOS,79,79,31.1,0.45,0.373,0.483,0.855,6.0,2.1,1.1,0.7,1.5,2.1,15.7
13292,13289,2432,10,Jeff Teague,2018-19,2018,MIN,42,41,30.1,0.423,0.333,0.453,0.804,2.5,8.2,1.0,0.4,2.3,2.1,12.1
13317,13317,2436,9,Garrett Temple,2018-19,2018,TOT,75,55,27.2,0.422,0.341,0.515,0.748,2.9,1.4,1.0,0.4,0.9,2.7,7.8
13319,13319,2437,2,Milos Teodosic,2018-19,2018,LAC,15,0,10.0,0.425,0.37,0.538,0.571,1.1,2.1,0.2,0.1,1.4,1.8,3.2
13320,13320,2438,1,Jared Terrell,2018-19,2018,MIN,14,0,7.9,0.308,0.235,0.364,0.5,0.4,0.9,0.2,0.1,0.7,1.1,2.2
13343,13324,2440,1,Emanuel Terry,2018-19,2018,TOT,3,0,7.7,0.571,0.0,0.571,0.5,2.3,0.7,1.0,0.0,0.7,1.3,3.3
13350,13350,2443,2,Daniel Theis,2018-19,2018,BOS,66,2,13.8,0.549,0.388,0.603,0.737,3.4,1.0,0.3,0.6,0.5,2.4,5.7
13470,13383,2452,8,Isaiah Thomas,2018-19,2018,DEN,12,0,15.1,0.343,0.279,0.393,0.63,1.1,1.9,0.4,0.1,1.5,1.4,8.1
13471,13421,2459,1,Khyri Thomas,2018-19,2018,DET,26,0,7.5,0.319,0.286,0.353,0.636,0.8,0.3,0.3,0.2,0.2,0.8,2.3
13472,13447,2461,8,Lance Thomas,2018-19,2018,NYK,46,17,17.0,0.396,0.278,0.475,0.75,2.5,0.6,0.4,0.2,0.5,1.8,4.5
13539,13512,2474,8,Klay Thompson,2018-19,2018,GSW,78,78,34.0,0.467,0.402,0.516,0.816,3.8,2.4,1.1,0.6,1.5,2.0,21.5
13540,13540,2479,8,Tristan Thompson,2018-19,2018,CLE,43,40,27.9,0.529,0.0,0.529,0.642,10.2,2.0,0.7,0.4,1.4,2.1,10.9
13562,13562,2483,2,Sindarius Thornwell,2018-19,2018,LAC,64,1,4.9,0.347,0.2,0.412,0.735,0.7,0.3,0.2,0.1,0.3,0.6,1.0
13642,13642,2492,11,Anthony Tolliver,2018-19,2018,MIN,65,0,16.6,0.382,0.377,0.409,0.783,2.7,0.7,0.3,0.3,0.6,1.4,5.0
13673,13673,2501,4,Karl-Anthony Towns,2018-19,2018,MIN,77,77,33.1,0.518,0.4,0.562,0.836,12.4,3.4,0.9,1.6,3.1,3.8,24.4
13690,13690,2503,10,Gary Trent,2018-19,2018,POR,15,1,7.4,0.32,0.238,0.379,0.429,0.7,0.3,0.1,0.1,0.3,0.3,2.7
13694,13694,2505,1,Allonzo Trier,2018-19,2018,NYK,64,3,22.8,0.448,0.394,0.466,0.803,3.1,1.9,0.4,0.2,1.8,1.8,10.9
13740,13729,2512,8,P.J. Tucker,2018-19,2018,HOU,82,82,34.2,0.396,0.377,0.449,0.695,5.8,1.2,1.6,0.5,0.8,3.1,7.3
13806,13789,2519,9,Evan Turner,2018-19,2018,POR,73,2,22.0,0.46,0.212,0.494,0.708,4.5,3.9,0.5,0.2,1.6,1.5,6.8
13807,13806,2523,4,Myles Turner,2018-19,2018,IND,74,74,28.6,0.487,0.388,0.521,0.736,7.2,1.6,0.8,2.7,1.4,2.6,13.3
13824,13824,2529,7,Ekpe Udoh,2018-19,2018,UTA,51,1,6.3,0.694,0.0,0.694,0.633,1.8,0.5,0.2,0.6,0.3,0.7,2.3
13849,13849,2533,3,Tyler Ulis,2018-19,2018,CHI,1,0,1.0,0.0,0.0,0.0,0.0,0.0,0.0,0.0,0.0,0.0,0.0,0.0
13862,13862,2537,7,Jonas Valanciunas,2018-19,2018,TOT,49,27,22.3,0.559,0.292,0.586,0.795,8.6,1.4,0.4,1.1,1.8,3.0,15.6
13875,13875,2541,1,Jarred Vanderbilt,2018-19,2018,DEN,17,0,4.1,0.474,0.0,0.5,0.6,1.4,0.2,0.4,0.1,0.5,0.5,1.4
13894,13894,2545,3,Fred VanVleet,2018-19,2018,TOR,64,28,27.5,0.41,0.378,0.441,0.843,2.6,4.8,0.9,0.3,1.3,1.7,11.0
13994,13994,2565,5,Noah Vonleh,2018-19,2018,NYK,68,57,25.3,0.47,0.336,0.531,0.712,7.8,1.9,0.7,0.8,1.3,2.6,8.4
14027,14027,2572,8,Nikola Vucevic,2018-19,2018,ORL,80,80,31.4,0.518,0.364,0.549,0.789,12.0,3.8,1.0,1.1,2.0,2.0,20.8
14055,14053,2574,16,Dwyane Wade,2018-19,2018,MIA,72,2,26.2,0.433,0.33,0.472,0.708,4.0,4.2,0.8,0.5,2.3,1.6,15.0
14068,14068,2579,1,Moritz Wagner,2018-19,2018,LAL,43,5,10.4,0.415,0.286,0.521,0.811,2.0,0.6,0.3,0.3,0.9,1.3,4.8
14080,14075,2580,7,Dion Waiters,2018-19,2018,MIA,44,28,25.9,0.414,0.377,0.471,0.5,2.6,2.8,0.7,0.2,1.5,1.6,12.0
14132,14115,2585,8,Kemba Walker,2018-19,2018,CHO,82,82,34.9,0.434,0.356,0.494,0.844,4.4,5.9,1.2,0.4,2.6,1.6,25.6
14133,14123,2587,1,Lonnie Walker,2018-19,2018,SAS,17,0,6.9,0.348,0.385,0.333,0.8,1.0,0.5,0.4,0.2,0.2,0.4,2.6
14142,14142,2589,9,John Wall,2018-19,2018,WAS,32,32,34.5,0.444,0.302,0.507,0.697,3.6,8.7,1.5,0.9,3.8,2.2,20.7
14197,14197,2594,2,Tyrone Wallace,2018-19,2018,LAC,62,0,10.1,0.424,0.211,0.444,0.526,1.6,0.7,0.3,0.1,0.6,1.3,3.5
14201,14201,2596,3,Taurean Prince,2018-19,2018,ATL,55,47,28.2,0.441,0.39,0.498,0.819,3.6,2.1,1.0,0.3,1.8,2.6,13.5
14221,14221,2601,1,Brad Wanamaker,2018-19,2018,BOS,36,0,9.5,0.476,0.41,0.515,0.857,1.1,1.6,0.3,0.1,0.5,0.9,3.9
14240,14239,2605,5,T.J. Warren,2018-19,2018,PHO,43,36,31.6,0.486,0.428,0.51,0.815,4.0,1.5,1.2,0.7,1.2,2.8,18.0
14255,14255,2610,1,Julian Washburn,2018-19,2018,MEM,18,3,14.1,0.333,0.208,0.458,0.75,2.3,0.8,0.7,0.1,0.4,0.9,2.2
14264,14264,2615,1,Yuta Watanabe,2018-19,2018,MEM,15,0,11.6,0.294,0.125,0.371,0.7,2.1,0.5,0.3,0.1,0.4,0.7,2.6
14381,14381,2638,1,Thomas Welsh,2018-19,2018,DEN,11,0,3.3,0.538,0.429,0.667,0.5,0.4,0.5,0.0,0.0,0.1,0.3,1.6
14479,14479,2648,11,Russell Westbrook,2018-19,2018,OKC,73,73,36.0,0.428,0.29,0.481,0.656,11.1,10.7,1.9,0.5,4.5,3.4,22.9
14536,14504,2656,2,Derrick White,2018-19,2018,SAS,67,55,25.8,0.479,0.338,0.529,0.772,3.7,3.9,1.0,0.7,1.4,2.2,9.9
14537,14519,2660,3,Okaro White,2018-19,2018,WAS,3,0,2.0,0.0,0.0,0.0,0.0,0.7,0.0,0.0,0.0,0.0,0.0,0.0
14548,14548,2669,7,Hassan Whiteside,2018-19,2018,MIA,72,53,23.3,0.571,0.125,0.581,0.449,11.3,0.8,0.6,1.9,1.3,2.7,12.3
14575,14569,2674,5,Andrew Wiggins,2018-19,2018,MIN,73,73,34.8,0.412,0.339,0.441,0.699,4.8,2.5,1.0,0.7,1.9,2.1,18.1
14996,14678,2690,4,Alan Williams,2018-19,2018,BRK,5,0,5.2,0.615,0.0,0.667,0.5,3.8,0.6,0.2,0.0,0.2,0.4,3.6
14997,14709,2694,2,C.J. Williams,2018-19,2018,MIN,15,0,8.5,0.486,0.313,0.632,0.0,0.5,0.8,0.4,0.0,0.3,1.1,2.6
14998,14826,2711,1,Johnathan Williams,2018-19,2018,LAL,24,0,15.5,0.591,0.0,0.602,0.563,4.1,0.5,0.3,0.3,0.7,2.6,6.5
14999,14834,2715,1,Kenrich Williams,2018-19,2018,NOP,46,29,23.5,0.384,0.333,0.447,0.684,4.8,1.8,1.0,0.4,0.8,2.1,6.1
15000,14860,2718,14,Lou Williams,2018-19,2018,LAC,75,1,26.6,0.425,0.361,0.447,0.876,3.0,5.4,0.8,0.1,2.4,1.1,20.0
15001,14880,2720,14,Marvin Williams,2018-19,2018,CHO,75,75,28.4,0.422,0.366,0.5,0.767,5.4,1.2,0.9,0.8,0.6,2.1,10.1
15002,14937,2730,1,Robert Williams,2018-19,2018,BOS,32,2,8.8,0.706,0.0,0.706,0.6,2.5,0.2,0.3,1.3,0.3,1.1,2.5
15003,14992,2739,3,Troy Williams,2018-19,2018,SAC,21,0,14.9,0.449,0.318,0.556,0.6,2.8,0.5,0.5,0.4,0.4,1.8,5.3
15052,15040,2745,2,D.J. Wilson,2018-19,2018,MIL,48,3,18.4,0.414,0.362,0.468,0.553,4.6,1.1,0.4,0.4,0.7,1.8,5.8
15080,15079,2756,4,Justise Winslow,2018-19,2018,MIA,66,52,29.7,0.433,0.375,0.462,0.628,5.4,4.3,1.1,0.3,2.2,2.7,12.6
15136,15122,2767,3,Christian Wood,2018-19,2018,TOT,21,2,12.0,0.521,0.346,0.571,0.732,4.0,0.4,0.3,0.5,0.8,0.8,8.2
15258,15223,2784,4,Delon Wright,2018-19,2018,TOT,75,13,22.7,0.434,0.298,0.492,0.793,3.5,3.3,1.2,0.4,1.0,1.4,8.7
15265,15265,2793,2,Guerschon Yabusele,2018-19,2018,BOS,41,1,6.1,0.455,0.321,0.531,0.682,1.3,0.4,0.2,0.2,0.4,0.8,2.3
15317,15300,2801,12,Nick Young,2018-19,2018,DEN,4,0,9.3,0.333,0.375,0.0,0.0,0.3,0.5,0.0,0.3,0.5,1.0,2.3
15318,15317,2804,12,Thaddeus Young,2018-19,2018,IND,81,81,30.7,0.527,0.349,0.564,0.644,6.5,2.5,1.5,0.4,1.5,2.4,12.6
15319,15319,2806,1,Trae Young,2018-19,2018,ATL,81,81,30.9,0.418,0.324,0.477,0.829,3.7,8.1,0.9,0.2,3.8,1.7,19.1
15333,15326,2808,6,Cody Zeller,2018-19,2018,CHO,49,47,25.4,0.551,0.273,0.57,0.787,6.8,2.1,0.8,0.8,1.3,3.3,10.1
15334,15334,2810,7,Tyler Zeller,2018-19,2018,TOT,6,1,15.5,0.533,0.0,0.552,0.778,4.0,0.7,0.2,0.5,0.7,3.3,7.7
15350,15350,2818,2,Ante Zizic,2018-19,2018,CLE,59,25,18.3,0.553,0.0,0.553,0.705,5.4,0.9,0.2,0.4,1.0,1.9,7.8
15354,15354,2820,3,Ivica Zubac,2018-19,2018,TOT,59,37,17.6,0.559,0.0,0.559,0.802,6.1,1.1,0.2,0.9,1.2,2.3,8.9
